法令種別,法令番号,法令名,法令名読み,旧法令名,公布日,改正法令名,改正法令番号,改正法令公布日,施行日,施行日備考,法令ID,本文URL,未施行
法律,昭和二十一年法律第二十五号,労働関係調整法,ろうどうかんけいちょうせいほう,,昭和二十一年九月二十七日,行政不服審査法の施行に伴う関係法律の整備等に関する法律,平成二十六年法律第六十九号,平成二十六年六月十三日,平成二十八年四月一日,,321AC0000000025,https://laws.e-gov.go.jp/law/321AC0000000025/20160401_426AC0000000069,
勅令,昭和二十一年勅令第四百七十八号,労働関係調整法施行令,ろうどうかんけいちょうせいほうせこうれい,,昭和二十一年十月十二日,,平成二十年政令第二百三十一号,平成二十年七月十八日,平成二十年十月一日,,321IO0000000478,https://laws.e-gov.go.jp/law/321IO0000000478/20081001_420CO0000000231,
法律,昭和二十二年法律第四十九号,労働基準法,ろうどうきじゅんほう,,昭和二十二年四月七日,労働者災害補償保険法等の一部を改正する法律,令和八年法律第六十号,令和八年七月十七日,令和八年七月十七日,,322AC0000000049,https://laws.e-gov.go.jp/law/322AC0000000049/20260717_508AC0000000060,
法律,昭和二十二年法律第四十九号,労働基準法,ろうどうきじゅんほう,,昭和二十二年四月七日,労働者災害補償保険法等の一部を改正する法律,令和八年法律第六十号,令和八年七月十七日,令和九年四月一日,,322AC0000000049,https://laws.e-gov.go.jp/law/322AC0000000049/20270401_508AC0000000060,○
法律,昭和二十二年法律第四十九号,労働基準法,ろうどうきじゅんほう,,昭和二十二年四月七日,民法等の一部を改正する法律の施行に伴う関係法律の整備等に関する法律,令和八年法律第四十六号,令和八年六月二十四日,令和十年十二月二十三日,民法等の一部を改正する法律（令和八年法律第四十五号）の施行の日,322AC0000000049,https://laws.e-gov.go.jp/law/322AC0000000049/20281223_508AC0000000046,○
法律,昭和二十二年法律第五十号,労働者災害補償保険法,ろうどうしゃさいがいほしょうほけんほう,,昭和二十二年四月七日,労働者災害補償保険法等の一部を改正する法律,令和八年法律第六十号,令和八年七月十七日,令和八年七月十七日,,322AC0000000050,https://laws.e-gov.go.jp/law/322AC0000000050/20260717_508AC0000000060,
法律,昭和二十二年法律第五十号,労働者災害補償保険法,ろうどうしゃさいがいほしょうほけんほう,,昭和二十二年四月七日,労働者災害補償保険法等の一部を改正する法律,令和八年法律第六十号,令和八年七月十七日,令和九年四月一日,,322AC0000000050,https://laws.e-gov.go.jp/law/322AC0000000050/20270401_508AC0000000060,○
法律,昭和二十二年法律第五十号,労働者災害補償保険法,ろうどうしゃさいがいほしょうほけんほう,,昭和二十二年四月七日,労働者災害補償保険法等の一部を改正する法律,令和八年法律第六十号,令和八年七月十七日,令和十三年七月十六日,公布の日から起算して五年を超えない範囲内において政令で定める日,322AC0000000050,https://laws.e-gov.go.jp/law/322AC0000000050/20310716_508AC0000000060,○
法律,昭和二十二年法律第百四十一号,職業安定法,しょくぎょうあんていほう,,昭和二十二年十一月三十日,学校教育法の一部を改正する法律,令和六年法律第五十号,令和六年六月十四日,令和八年四月一日,,322AC0000000141,https://laws.e-gov.go.jp/law/322AC0000000141/20260401_506AC0000000050,
政令,昭和二十二年政令第百七十四号,労働基準監督機関令,ろうどうきじゅんかんとくきかんれい,,昭和二十二年八月三十一日,,平成十八年政令第十四号,平成十八年二月一日,平成十八年四月一日,,322CO0000000174,https://laws.e-gov.go.jp/law/322CO0000000174/20060401_418CO0000000014,
府省令,昭和二十二年厚生省令第二十三号,労働基準法施行規則,ろうどうきじゅんほうしこうきそく,,昭和二十二年八月三十日,労働者災害補償保険法施行規則等の一部を改正する省令,令和八年厚生労働省令第五十七号,令和八年三月三十一日,令和八年四月一日,,322M40000100023,https://laws.e-gov.go.jp/law/322M40000100023/20260401_508M60000100057,
府省令,昭和二十二年厚生省令第二十三号,労働基準法施行規則,ろうどうきじゅんほうしこうきそく,,昭和二十二年八月三十日,労働安全衛生規則等の一部を改正する省令,令和八年厚生労働省令第八十九号,令和八年四月二十八日,令和九年四月一日,,322M40000100023,https://laws.e-gov.go.jp/law/322M40000100023/20270401_508M60000100089,○
府省令,昭和二十二年労働省令第七号,事業附属寄宿舎規程,じぎょうふぞくきしゅくしゃきてい,,昭和二十二年十月三十一日,地域の自主性及び自立性を高めるための改革の推進を図るための関係法律の整備に関する法律の施行に伴う厚生労働省関係省令の整備に関する省令,令和六年厚生労働省令第百六十四号,令和六年十二月二十七日,令和七年四月一日,,322M40002000007,https://laws.e-gov.go.jp/law/322M40002000007/20250401_506M60000100164,
府省令,昭和二十二年労働省令第十二号,職業安定法施行規則,しょくぎょうあんていほうしこうきそく,,昭和二十二年十二月二十九日,職業安定法施行規則の一部を改正する省令,令和八年厚生労働省令第六十号,令和八年三月三十一日,令和八年四月一日,,322M40002000012,https://laws.e-gov.go.jp/law/322M40002000012/20260401_508M60000100060,
府省令,昭和二十二年労働省令第十二号,職業安定法施行規則,しょくぎょうあんていほうしこうきそく,,昭和二十二年十二月二十九日,労働施策の総合的な推進並びに労働者の雇用の安定及び職業生活の充実等に関する法律等の一部を改正する法律の施行に伴う厚生労働省関係省令の整備に関する省令,令和八年厚生労働省令第十八号,令和八年二月二十六日,令和八年十月一日,,322M40002000012,https://laws.e-gov.go.jp/law/322M40002000012/20261001_508M60000100018,○
法律,昭和二十三年法律第百三十号,船員職業安定法,せんいんしょくぎょうあんていほう,,昭和二十三年七月十日,船員法等の一部を改正する法律,令和七年法律第三十二号,令和七年五月十四日,令和八年五月十三日,,323AC0000000130,https://laws.e-gov.go.jp/law/323AC0000000130/20260513_507AC0000000032,
法律,昭和二十三年法律第百三十号,船員職業安定法,せんいんしょくぎょうあんていほう,,昭和二十三年七月十日,労働施策の総合的な推進並びに労働者の雇用の安定及び職業生活の充実等に関する法律等の一部を改正する法律,令和七年法律第六十三号,令和七年六月十一日,令和八年十月一日,,323AC0000000130,https://laws.e-gov.go.jp/law/323AC0000000130/20261001_507AC0000000063,○
法律,昭和二十三年法律第二百五十七号,行政執行法人の労働関係に関する法律,ぎょうせいしっこうほうじんのろうどうかんけいにかんするほうりつ,,昭和二十三年十二月二十日,国家公務員法等の一部を改正する法律,令和三年法律第六十一号,令和三年六月十一日,令和五年四月一日,,323AC0000000257,https://laws.e-gov.go.jp/law/323AC0000000257/20230401_503AC0000000061,
府省令,昭和二十三年運輸省令第三十二号,船員職業安定法施行規則,せんいんしょくぎょうあんていほうしこうきそく,,昭和二十三年十一月十日,特定漁船員の労働時間、休日及び定員に関する政令施行規則,令和八年国土交通省令第五十四号,令和八年四月三十日,令和八年五月十三日,,323M40000800032,https://laws.e-gov.go.jp/law/323M40000800032/20260513_508M60000800054,
法律,昭和二十四年法律第八十三号,公共企業体労働関係法の施行に関する法律,こうきょうきぎょうたいろうどうかんけいほうのしこうにかんするほうりつ,,昭和二十四年五月十九日,,昭和二十七年法律第二百八十八号,昭和二十七年七月三十一日,昭和二十七年八月一日,,324AC0000000083,https://laws.e-gov.go.jp/law/324AC0000000083/19520801_327AC0000000288,
法律,昭和二十四年法律第百七十四号,労働組合法,ろうどうくみあいほう,,昭和二十四年六月一日,民法等の一部を改正する法律の施行に伴う関係法律の整備等に関する法律,令和八年法律第四十六号,令和八年六月二十四日,令和八年六月二十四日,,324AC0000000174,https://laws.e-gov.go.jp/law/324AC0000000174/20260624_508AC0000000046,
法律,昭和二十四年法律第百七十四号,労働組合法,ろうどうくみあいほう,,昭和二十四年六月一日,民事関係手続等における情報通信技術の活用等の推進を図るための関係法律の整備に関する法律,令和五年法律第五十三号,令和五年六月十四日,令和十年六月十三日,公布の日から起算して五年を超えない範囲内において政令で定める日,324AC0000000174,https://laws.e-gov.go.jp/law/324AC0000000174/20280613_505AC0000000053,○
法律,昭和二十四年法律第百七十四号,労働組合法,ろうどうくみあいほう,,昭和二十四年六月一日,民法等の一部を改正する法律の施行に伴う関係法律の整備等に関する法律,令和八年法律第四十六号,令和八年六月二十四日,令和十年十二月二十三日,民法等の一部を改正する法律（令和八年法律第四十五号）の施行の日,324AC0000000174,https://laws.e-gov.go.jp/law/324AC0000000174/20281223_508AC0000000046,○
政令,昭和二十四年政令第二百三十一号,労働組合法施行令,ろうどうくみあいほうしこうれい,,昭和二十四年六月二十九日,労働組合法施行令の一部を改正する政令,令和八年政令第百四十六号,令和八年四月二十四日,令和八年五月二十一日,,324CO0000000231,https://laws.e-gov.go.jp/law/324CO0000000231/20260521_508CO0000000146,
規則,昭和二十四年中央労働委員会規則第一号,労働委員会規則,ろうどういいんかいきそく,,昭和二十四年八月四日,労働委員会規則の一部を改正する規則,令和八年中央労働委員会規則第一号,令和八年四月二十四日,令和八年五月二十一日,,324M50100000001,https://laws.e-gov.go.jp/law/324M50100000001/20260521_508M60100000001,
法律,昭和二十七年法律第二百八十九号,地方公営企業等の労働関係に関する法律,ちほうこうえいきぎょうとうのろうどうかんけいにかんするほうりつ,,昭和二十七年七月三十一日,行政不服審査法の施行に伴う関係法律の整備等に関する法律,平成二十六年法律第六十九号,平成二十六年六月十三日,平成二十八年四月一日,,327AC0000000289,https://laws.e-gov.go.jp/law/327AC0000000289/20160401_426AC0000000069,
府省令,昭和二十七年労働省令第二十四号,労働基準法第十八条第四項の規定に基づき使用者が労働者の預金を受け入れる場合の利率を定める省令,ろうどうきじゅんほうだいじゅうはちじょうだいよんこうのきていにもとづきしようしゃがろうどうしゃのよきんをうけいれるばあいのりりつをさだめるしょうれい,,昭和二十七年八月三十一日,,平成十二年労働省令第四十三号,平成十二年十二月十四日,平成十三年四月一日,,327M50002000024,https://laws.e-gov.go.jp/law/327M50002000024/20010401_412M50002000043,
法律,昭和二十八年法律第百七十一号,電気事業及び石炭鉱業における争議行為の方法の規制に関する法律,でんきじぎょうおよびせきたんこうぎょうにおけるそうぎこういのほうほうのきせいにかんするほうりつ,,昭和二十八年八月七日,電気事業法等の一部を改正する法律,平成二十六年法律第七十二号,平成二十六年六月十八日,平成二十八年四月一日,,328AC0000000171,https://laws.e-gov.go.jp/law/328AC0000000171/20160401_426AC0000000072,
政令,昭和二十八年政令第二百四十二号,職業安定法施行令,しょくぎょうあんていほうしこうれい,,昭和二十八年八月三十一日,育児休業、介護休業等育児又は家族介護を行う労働者の福祉に関する法律及び次世代育成支援対策推進法の一部を改正する法律の一部の施行に伴う関係政令の整備に関する政令,令和七年政令第百九十九号,令和七年五月三十日,令和七年十月一日,,328CO0000000242,https://laws.e-gov.go.jp/law/328CO0000000242/20251001_507CO0000000199,
政令,昭和二十八年政令第二百四十二号,職業安定法施行令,しょくぎょうあんていほうしこうれい,,昭和二十八年八月三十一日,労働施策の総合的な推進並びに労働者の雇用の安定及び職業生活の充実等に関する法律等の一部を改正する法律の施行に伴う関係政令の整備に関する政令,令和八年政令第百八十一号,令和八年五月二十七日,令和八年十月一日,,328CO0000000242,https://laws.e-gov.go.jp/law/328CO0000000242/20261001_508CO0000000181,○
政令,昭和二十八年政令第二百四十二号,職業安定法施行令,しょくぎょうあんていほうしこうれい,,昭和二十八年八月三十一日,出入国管理及び難民認定法及び外国人の技能実習の適正な実施及び技能実習生の保護に関する法律の一部を改正する法律の施行に伴う関係政令の整備及び経過措置に関する政令,令和七年政令第三百四十一号,令和七年十月一日,令和九年四月一日,,328CO0000000242,https://laws.e-gov.go.jp/law/328CO0000000242/20270401_507CO0000000341,○
政令,昭和二十八年政令第四百十六号,奄美群島の復帰に伴う労働省関係法令の適用の暫定措置等に関する政令,あまみぐんとうのふっきにともなうろうどうしょうかんけいほうれいのてきようのざんていそちとうにかんするせいれい,,昭和二十八年十二月二十四日,,,昭和二十八年十二月二十四日,昭和二十八年十二月二十四日,,328CO0000000416,https://laws.e-gov.go.jp/law/328CO0000000416/19531224_000000000000000,
府省令,昭和二十九年労働省令第十三号,年少者労働基準規則,ねんしょうものろうどうきじゅんきそく,,昭和二十九年六月十九日,労働基準法施行規則等の一部を改正する省令,令和二年厚生労働省令第二百三号,令和二年十二月二十二日,令和三年四月一日,,329M50002000013,https://laws.e-gov.go.jp/law/329M50002000013/20210401_502M60000100203,
府省令,昭和三十年労働省令第二十二号,労働者災害補償保険法施行規則,ろうどうしゃさいがいほしょうほけんほうしこうきそく,,昭和三十年九月一日,社会保険審査官及び社会保険審査会法施行規則等の一部を改正する省令,令和八年厚生労働省令第八十八号,令和八年四月二十八日,令和八年五月二十一日,,330M50002000022,https://laws.e-gov.go.jp/law/330M50002000022/20260521_508M60000100088,
法律,昭和三十一年法律第百二十六号,労働保険審査官及び労働保険審査会法,ろうどうほけんしんさかんおよびろうどうほけんしんさかいほう,,昭和三十一年六月四日,民法等の一部を改正する法律の施行に伴う関係法律の整備等に関する法律,令和八年法律第四十六号,令和八年六月二十四日,令和八年六月二十四日,,331AC0000000126,https://laws.e-gov.go.jp/law/331AC0000000126/20260624_508AC0000000046,
法律,昭和三十一年法律第百二十六号,労働保険審査官及び労働保険審査会法,ろうどうほけんしんさかんおよびろうどうほけんしんさかいほう,,昭和三十一年六月四日,民法等の一部を改正する法律の施行に伴う関係法律の整備等に関する法律,令和八年法律第四十六号,令和八年六月二十四日,令和十年十二月二十三日,民法等の一部を改正する法律（令和八年法律第四十五号）の施行の日,331AC0000000126,https://laws.e-gov.go.jp/law/331AC0000000126/20281223_508AC0000000046,○
政令,昭和三十一年政令第二百四十八号,労働保険審査官及び労働保険審査会法施行令,ろうどうほけんしんさかんおよびろうどうほけんしんさかいほうしこうれい,,昭和三十一年七月二十七日,労働保険審査官及び労働保険審査会法施行令の一部を改正する政令,令和八年政令第九号,令和八年一月二十八日,令和八年五月二十一日,,331CO0000000248,https://laws.e-gov.go.jp/law/331CO0000000248/20260521_508CO0000000009,
政令,昭和三十一年政令第二百四十九号,行政執行法人の労働関係に関する法律施行令,ぎょうせいしっこうほうじんのろうどうかんけいにかんするほうりつしこうれい,,昭和三十一年七月二十七日,独立行政法人通則法の一部を改正する法律及び独立行政法人通則法の一部を改正する法律の施行に伴う関係法律の整備に関する法律の施行に伴う関係政令の整備等及び経過措置に関する政令　抄,平成二十七年政令第七十四号,平成二十七年三月十八日,平成二十七年四月一日,,331CO0000000249,https://laws.e-gov.go.jp/law/331CO0000000249/20150401_427CO0000000074,
府省令,昭和三十一年労働省令第十七号,労働保険審査官及び労働保険審査会法施行規則,ろうどうほけんしんさかんおよびろうどうほけんしんさかいほうしこうきそく,,昭和三十一年八月一日,社会保険審査官及び社会保険審査会法施行規則等の一部を改正する省令,令和八年厚生労働省令第八十八号,令和八年四月二十八日,令和八年五月二十一日,,331M50002000017,https://laws.e-gov.go.jp/law/331M50002000017/20260521_508M60000100088,
府省令,昭和三十二年労働省令第二十二号,労働基準法第七十六条第二項の規定による常時百人未満の労働者を使用する事業場に使用される労働者に対して行う休業補償の額の改訂及び改訂後の休業補償の額の改訂の方法の特例に関する省令,ろうどうきじゅんほうだいななじゅうろくじょうだいにこうのきていによるじょうじひゃくにんみまんのろうどうしゃをしようするじぎょうばにしようされるろうどうしゃにたいしておこなうきゅうぎょうほしょうのがくのかいていおよびかいていのちのきゅうぎょうほしょうのがくのかいていのほうほうのとくれいにかんするしょうれい,,昭和三十二年十二月二十六日,,平成十二年労働省令第四十一号,平成十二年十月三十一日,平成十三年一月六日,,332M50002000022,https://laws.e-gov.go.jp/law/332M50002000022/20010106_412M50002000041,
法律,昭和三十三年法律第百五十八号,駐留軍関係離職者等臨時措置法,ちゅうりゅうぐんかんけいりしょくしゃとうりんじそちほう,,昭和三十三年五月十七日,駐留軍関係離職者等臨時措置法及び国際協定の締結等に伴う漁業離職者に関する臨時措置法の一部を改正する法律,令和五年法律第八号,令和五年三月三十一日,令和五年三月三十一日,,333AC1000000158,https://laws.e-gov.go.jp/law/333AC1000000158/20230331_505AC0000000008,
政令,昭和三十三年政令第百三十一号,駐留軍関係離職者等臨時措置法施行令,ちゅうりゅうぐんかんけいりしょくしゃとうりんじそちほうせこうれい,,昭和三十三年五月十七日,,平成十九年政令第二百七十号,平成十九年八月二十日,平成十九年九月一日,,333CO0000000131,https://laws.e-gov.go.jp/law/333CO0000000131/20070901_419CO0000000270,
府省令,昭和三十三年総理府令第三十六号,駐留軍関係離職者等臨時措置法に基づく特別給付金の支給に関する省令,ちゅうりゅうぐんかんけいりしょくしゃとうりんじそちほうにもとづくとくべつきゅうふきんのしきゅうにかんするしょうれい,,昭和三十三年五月十七日,,平成十九年防衛省令第九号,平成十九年八月二十日,平成十九年九月一日,,333M50000002036,https://laws.e-gov.go.jp/law/333M50000002036/20070901_419M60002000009,
法律,昭和三十四年法律第百三十七号,最低賃金法,さいていちんぎんほう,,昭和三十四年四月十五日,刑法等の一部を改正する法律の施行に伴う関係法律の整理等に関する法律,令和四年法律第六十八号,令和四年六月十七日,令和七年六月一日,,334AC0000000137,https://laws.e-gov.go.jp/law/334AC0000000137/20250601_504AC0000000068,
法律,昭和三十四年法律第百六十号,中小企業退職金共済法,ちゅうしょうきぎょうたいしょくきんきょうさいほう,,昭和三十四年五月九日,刑法等の一部を改正する法律の施行に伴う関係法律の整理等に関する法律,令和四年法律第六十八号,令和四年六月十七日,令和七年六月一日,,334AC0000000160,https://laws.e-gov.go.jp/law/334AC0000000160/20250601_504AC0000000068,
政令,昭和三十四年政令第百六十三号,最低賃金審議会令,さいていちんぎんしんぎかいれい,,昭和三十四年五月四日,厚生労働省組織令の一部を改正する政令,平成二十八年政令第二百三十八号,平成二十八年六月十七日,平成二十八年六月二十一日,,334CO0000000163,https://laws.e-gov.go.jp/law/334CO0000000163/20160621_428CO0000000238,
府省令,昭和三十四年運輸省令第三十五号,船員の最低賃金に関する省令,せんいんのさいていちんぎんにかんするしょうれい,,昭和三十四年七月十日,,平成二十年国土交通省令第七十七号,平成二十年九月一日,平成二十年十月一日,,334M50000800035,https://laws.e-gov.go.jp/law/334M50000800035/20081001_420M60000800077,
府省令,昭和三十四年運輸省令第五十三号,船員に関する中小企業退職金共済法施行規則,せんいんにかんするちゅうしょうきぎょうたいしょくきんきょうさいほうせこうきそく,,昭和三十四年十二月十四日,,平成十五年国土交通省令第百九号,平成十五年十月一日,平成十五年十月一日,,334M50000800053,https://laws.e-gov.go.jp/law/334M50000800053/20031001_415M60000800109,
府省令,昭和三十四年労働省令第十六号,最低賃金法施行規則,さいていちんぎんほうしこうきそく,,昭和三十四年七月十日,デジタル社会の形成を図るための規制改革を推進するための厚生労働省関係省令の一部を改正する省令,令和五年厚生労働省令第百六十四号,令和五年十二月二十六日,令和六年三月三十一日,,334M50002000016,https://laws.e-gov.go.jp/law/334M50002000016/20240331_505M60000100164,
府省令,昭和三十四年労働省令第二十三号,中小企業退職金共済法施行規則,ちゅうしょうきぎょうたいしょくきんきょうさいほうしこうきそく,,昭和三十四年九月一日,中小企業退職金共済法施行規則の一部を改正する省令,令和五年厚生労働省令第百二十八号,令和五年十月二日,令和五年十二月一日,,334M50002000023,https://laws.e-gov.go.jp/law/334M50002000023/20231201_505M60000100128,
法律,昭和三十五年法律第三十号,じん肺法,じんぱいほう,,昭和三十五年三月三十一日,民法の一部を改正する法律の施行に伴う関係法律の整備等に関する法律,平成二十九年法律第四十五号,平成二十九年六月二日,令和二年四月一日,,335AC0000000030,https://laws.e-gov.go.jp/law/335AC0000000030/20200401_429AC0000000045,
法律,昭和三十五年法律第百二十三号,障害者の雇用の促進等に関する法律,しょうがいしゃのこようのそくしんとうにかんするほうりつ,,昭和三十五年七月二十五日,障害者の日常生活及び社会生活を総合的に支援するための法律等の一部を改正する法律,令和四年法律第百四号,令和四年十二月十六日,令和七年十月一日,,335AC0000000123,https://laws.e-gov.go.jp/law/335AC0000000123/20251001_504AC0000000104,
法律,昭和三十五年法律第百二十三号,障害者の雇用の促進等に関する法律,しょうがいしゃのこようのそくしんとうにかんするほうりつ,,昭和三十五年七月二十五日,労働施策の総合的な推進並びに労働者の雇用の安定及び職業生活の充実等に関する法律等の一部を改正する法律,令和七年法律第六十三号,令和七年六月十一日,令和八年十月一日,,335AC0000000123,https://laws.e-gov.go.jp/law/335AC0000000123/20261001_507AC0000000063,○
政令,昭和三十五年政令第二百九十二号,障害者の雇用の促進等に関する法律施行令,しょうがいしゃのこようのそくしんとうにかんするほうりつしこうれい,,昭和三十五年十二月一日,独立行政法人男女共同参画機構法の施行に伴う関係政令の整備及び経過措置に関する政令,令和七年政令第三百九十五号,令和七年十一月二十八日,令和八年四月一日,,335CO0000000292,https://laws.e-gov.go.jp/law/335CO0000000292/20260401_507CO0000000395,
政令,昭和三十五年政令第二百九十二号,障害者の雇用の促進等に関する法律施行令,しょうがいしゃのこようのそくしんとうにかんするほうりつしこうれい,,昭和三十五年十二月一日,出入国管理及び難民認定法及び外国人の技能実習の適正な実施及び技能実習生の保護に関する法律の一部を改正する法律の施行に伴う関係政令の整備及び経過措置に関する政令,令和七年政令第三百四十一号,令和七年十月一日,令和九年四月一日,,335CO0000000292,https://laws.e-gov.go.jp/law/335CO0000000292/20270401_507CO0000000341,○
府省令,昭和三十五年労働省令第六号,じん肺法施行規則,じんぱいほうしこうきそく,,昭和三十五年三月三十一日,労働安全衛生法及び作業環境測定法の一部を改正する法律の一部の施行に伴う関係省令の整備等に関する省令,令和八年厚生労働省令第三号,令和八年一月二十日,令和八年四月一日,,335M50002000006,https://laws.e-gov.go.jp/law/335M50002000006/20260401_508M60000100003,
府省令,昭和三十五年労働省令第六号,じん肺法施行規則,じんぱいほうしこうきそく,,昭和三十五年三月三十一日,労働安全衛生規則等の一部を改正する省令,令和八年厚生労働省令第八十九号,令和八年四月二十八日,令和九年四月一日,,335M50002000006,https://laws.e-gov.go.jp/law/335M50002000006/20270401_508M60000100089,○
法律,昭和三十九年法律第百十八号,労働災害防止団体法,ろうどうさいがいぼうしだんたいほう,,昭和三十九年六月二十九日,刑法等の一部を改正する法律の施行に伴う関係法律の整理等に関する法律,令和四年法律第六十八号,令和四年六月十七日,令和七年六月一日,,339AC0000000118,https://laws.e-gov.go.jp/law/339AC0000000118/20250601_504AC0000000068,
政令,昭和三十九年政令第百八十八号,中小企業退職金共済法施行令,ちゅうしょうきぎょうたいしょくきんきょうさいほうしこうれい,,昭和三十九年六月十八日,中小企業退職金共済法施行令の一部を改正する政令,令和三年政令第百五十一号,令和三年五月六日,令和三年十月一日,,339CO0000000188,https://laws.e-gov.go.jp/law/339CO0000000188/20211001_503CO0000000151,
政令,昭和三十九年政令第百八十八号,中小企業退職金共済法施行令,ちゅうしょうきぎょうたいしょくきんきょうさいほうしこうれい,,昭和三十九年六月十八日,中小企業退職金共済法施行令の一部を改正する政令,令和八年政令第二百三十九号,令和八年七月二十九日,令和八年十月一日,,339CO0000000188,https://laws.e-gov.go.jp/law/339CO0000000188/20261001_508CO0000000239,○
府省令,昭和三十九年労働省令第十八号,激甚災害時における雇用保険法による求職者給付の支給の特例に関する省令,げきじんさいがいじにおけるこようほけんほうによるきゅうしょくしゃきゅうふのしきゅうのとくれいにかんするしょうれい,,昭和三十九年七月十一日,雇用保険法施行規則等の一部を改正する省令,令和四年厚生労働省令第百三十号,令和四年九月十五日,令和四年十月一日,,339M50002000018,https://laws.e-gov.go.jp/law/339M50002000018/20221001_504M60000100130,
府省令,昭和三十九年労働省令第十九号,労働災害防止団体法施行規則,ろうどうさいがいぼうしだんたいほうしこうきそく,,昭和三十九年七月三十一日,じん肺法施行規則等の一部を改正する省令,令和六年厚生労働省令第四十五号,令和六年三月十八日,令和七年一月一日,,339M50002000019,https://laws.e-gov.go.jp/law/339M50002000019/20250101_506M60000100045,
府省令,昭和三十九年通商産業省・労働省令第二号,鉱業に係る労働災害防止協会に関する省令,こうぎょうにかかるろうどうさいがいぼうしきょうかいにかんするしょうれい,,昭和三十九年九月三十日,鉱業に係る労働災害防止協会に関する省令の一部を改正する省令,平成三十年厚生労働省・経済産業省令第一号,平成三十年二月十六日,平成三十一年四月一日,,339M50002400002,https://laws.e-gov.go.jp/law/339M50002400002/20190401_430M60000500001,
政令,昭和四十年政令第二百七十七号,地方公営企業等の労働関係に関する法律施行令,ちほうこうえいきぎょうとうのろうどうかんけいにかんするほうりつしこうれい,,昭和四十年八月十二日,,平成二十年政令第二百三十一号,平成二十年七月十八日,平成二十年十月一日,,340CO0000000277,https://laws.e-gov.go.jp/law/340CO0000000277/20081001_420CO0000000231,
法律,昭和四十一年法律第百三十二号,労働施策の総合的な推進並びに労働者の雇用の安定及び職業生活の充実等に関する法律,ろうどうしさくのそうごうてきなすいしんならびにろうどうしゃのこようのあんていおよびしょくぎょうせいかつのじゅうじつとうにかんするほうりつ,雇用対策法,昭和四十一年七月二十一日,労働施策の総合的な推進並びに労働者の雇用の安定及び職業生活の充実等に関する法律等の一部を改正する法律,令和七年法律第六十三号,令和七年六月十一日,令和八年四月一日,,341AC0000000132,https://laws.e-gov.go.jp/law/341AC0000000132/20260401_507AC0000000063,
法律,昭和四十一年法律第百三十二号,労働施策の総合的な推進並びに労働者の雇用の安定及び職業生活の充実等に関する法律,ろうどうしさくのそうごうてきなすいしんならびにろうどうしゃのこようのあんていおよびしょくぎょうせいかつのじゅうじつとうにかんするほうりつ,雇用対策法,昭和四十一年七月二十一日,労働施策の総合的な推進並びに労働者の雇用の安定及び職業生活の充実等に関する法律等の一部を改正する法律,令和七年法律第六十三号,令和七年六月十一日,令和八年十月一日,,341AC0000000132,https://laws.e-gov.go.jp/law/341AC0000000132/20261001_507AC0000000063,○
政令,昭和四十一年政令第二百六十二号,労働施策の総合的な推進並びに労働者の雇用の安定及び職業生活の充実等に関する法律施行令,ろうどうしさくのそうごうてきなすいしんならびにろうどうしゃのこようのあんていおよびしょくぎょうせいかつのじゅうじつとうにかんするほうりつしこうれい,雇用対策法施行令,昭和四十一年七月二十一日,沖縄振興特別措置法等の一部を改正する法律の施行に伴う関係政令の整備等及び経過措置に関する政令,令和四年政令第百六十七号,令和四年三月三十一日,令和四年四月一日,,341CO0000000262,https://laws.e-gov.go.jp/law/341CO0000000262/20220401_504CO0000000167,
府省令,昭和四十一年労働省令第二十三号,労働施策の総合的な推進並びに労働者の雇用の安定及び職業生活の充実等に関する法律施行規則,ろうどうしさくのそうごうてきなすいしんならびにろうどうしゃのこようのあんていおよびしょくぎょうせいかつのじゅうじつとうにかんするほうりつしこうきそく,雇用対策法施行規則,昭和四十一年七月二十一日,労働施策の総合的な推進並びに労働者の雇用の安定及び職業生活の充実等に関する法律施行規則の一部を改正する省令,令和八年厚生労働省令第九十五号,令和八年五月二十九日,令和八年六月十四日,,341M50002000023,https://laws.e-gov.go.jp/law/341M50002000023/20260614_508M60000100095,
府省令,昭和四十一年労働省令第二十三号,労働施策の総合的な推進並びに労働者の雇用の安定及び職業生活の充実等に関する法律施行規則,ろうどうしさくのそうごうてきなすいしんならびにろうどうしゃのこようのあんていおよびしょくぎょうせいかつのじゅうじつとうにかんするほうりつしこうきそく,雇用対策法施行規則,昭和四十一年七月二十一日,労働施策の総合的な推進並びに労働者の雇用の安定及び職業生活の充実等に関する法律等の一部を改正する法律の施行に伴う厚生労働省関係省令の整備に関する省令,令和八年厚生労働省令第十八号,令和八年二月二十六日,令和八年十月一日,,341M50002000023,https://laws.e-gov.go.jp/law/341M50002000023/20261001_508M60000100018,○
府省令,昭和四十一年労働省令第二十三号,労働施策の総合的な推進並びに労働者の雇用の安定及び職業生活の充実等に関する法律施行規則,ろうどうしさくのそうごうてきなすいしんならびにろうどうしゃのこようのあんていおよびしょくぎょうせいかつのじゅうじつとうにかんするほうりつしこうきそく,雇用対策法施行規則,昭和四十一年七月二十一日,労働施策の総合的な推進並びに労働者の雇用の安定及び職業生活の充実等に関する法律施行規則の一部を改正する省令,令和八年厚生労働省令第九十五号,令和八年五月二十九日,令和九年四月一日,,341M50002000023,https://laws.e-gov.go.jp/law/341M50002000023/20270401_508M60000100095,○
府省令,昭和四十一年労働省令第二十六号,駐留軍関係離職者等臨時措置法に基づく就職指導に関する省令,ちゅうりゅうぐんかんけいりしょくしゃとうりんじそちほうにもとづくしゅうしょくしどうにかんするしょうれい,,昭和四十一年八月十五日,,平成十二年労働省令第四十五号,平成十二年十二月二十六日,平成十三年一月六日,,341M50002000026,https://laws.e-gov.go.jp/law/341M50002000026/20010106_412M50002000045,
法律,昭和四十二年法律第九十二号,炭鉱災害による一酸化炭素中毒症に関する特別措置法,たんこうさいがいによるいっさんかたんそちゅうどくしょうにかんするとくべつそちほう,,昭和四十二年七月二十八日,,平成二十六年法律第八十二号,平成二十六年六月二十五日,平成二十七年十二月一日,,342AC0000000092,https://laws.e-gov.go.jp/law/342AC0000000092/20151201_426AC0000000082,
府省令,昭和四十二年労働省令第二十七号,建設業附属寄宿舎規程,けんせつぎょうふぞくきしゅくしゃきてい,,昭和四十二年九月二十九日,労働基準法施行規則等の一部を改正する省令,令和二年厚生労働省令第二百三号,令和二年十二月二十二日,令和三年四月一日,,342M50002000027,https://laws.e-gov.go.jp/law/342M50002000027/20210401_502M60000100203,
府省令,昭和四十二年労働省令第二十八号,炭鉱災害による一酸化炭素中毒症に関する特別措置法施行規則,たんこうさいがいによるいっさんかたんそちゅうどくしょうにかんするとくべつそちほうしこうきそく,,昭和四十二年十月二十四日,じん肺法施行規則等の一部を改正する省令,令和六年厚生労働省令第四十五号,令和六年三月十八日,令和七年一月一日,,342M50002000028,https://laws.e-gov.go.jp/law/342M50002000028/20250101_506M60000100045,
府省令,昭和四十二年労働省令第三十号,労働基準法の災害補償に相当する給付に関する法令を指定する省令,ろうどうきじゅんほうのさいがいほしょうにそうとうするきゅうふにかんするほうれいをしていするしょうれい,,昭和四十二年十二月一日,,,昭和四十二年十二月一日,昭和四十二年十二月一日,,342M50002000030,https://laws.e-gov.go.jp/law/342M50002000030/19671201_000000000000000,
政令,昭和四十三年政令第二百九号,小笠原諸島の復帰に伴う労働省関係法律の適用の特例に関する政令,おがさわらしょとうのふっきにともなうろうどうしょうかんけいほうりつのてきようのとくれいにかんするせいれい,,昭和四十三年六月二十四日,失業保険法及び労働者災害補償保険法の一部を改正する法律及び労働保険の保険料の徴収等に関する法律の施行に伴う関係政令の整備等に関する政令　抄,昭和四十七年政令第四十七号,昭和四十七年三月三十一日,昭和四十七年三月三十一日,,343CO0000000209,https://laws.e-gov.go.jp/law/343CO0000000209/19720331_347CO0000000047,
法律,昭和四十四年法律第六十四号,職業能力開発促進法,しょくぎょうのうりょくかいはつそくしんほう,,昭和四十四年七月十八日,刑法等の一部を改正する法律の施行に伴う関係法律の整理等に関する法律,令和四年法律第六十八号,令和四年六月十七日,令和七年六月一日,,344AC0000000064,https://laws.e-gov.go.jp/law/344AC0000000064/20250601_504AC0000000068,
法律,昭和四十四年法律第八十四号,労働保険の保険料の徴収等に関する法律,ろうどうほけんのほけんりょうのちょうしゅうとうにかんするほうりつ,,昭和四十四年十二月九日,雇用保険法等の一部を改正する法律,令和六年法律第二十六号,令和六年五月十七日,令和七年十月一日,,344AC0000000084,https://laws.e-gov.go.jp/law/344AC0000000084/20251001_506AC0000000026,
法律,昭和四十四年法律第八十四号,労働保険の保険料の徴収等に関する法律,ろうどうほけんのほけんりょうのちょうしゅうとうにかんするほうりつ,,昭和四十四年十二月九日,労働者災害補償保険法等の一部を改正する法律,令和八年法律第六十号,令和八年七月十七日,令和九年四月一日,,344AC0000000084,https://laws.e-gov.go.jp/law/344AC0000000084/20270401_508AC0000000060,○
法律,昭和四十四年法律第八十五号,失業保険法及び労働者災害補償保険法の一部を改正する法律及び労働保険の保険料の徴収等に関する法律の施行に伴う関係法律の整備等に関する法律,しつぎょうほけんほうおよびろうどうしゃさいがいほしょうほけんほうのいちぶをかいせいするほうりつおよびろうどうほけんのほけんりょうのちょうしゅうとうにかんするほうりつのしこうにともなうかんけいほうりつのせいびとうにかんするほうりつ,,昭和四十四年十二月九日,労働者災害補償保険法等の一部を改正する法律,令和八年法律第六十号,令和八年七月十七日,令和八年七月十七日,,344AC0000000085,https://laws.e-gov.go.jp/law/344AC0000000085/20260717_508AC0000000060,
法律,昭和四十四年法律第八十五号,失業保険法及び労働者災害補償保険法の一部を改正する法律及び労働保険の保険料の徴収等に関する法律の施行に伴う関係法律の整備等に関する法律,しつぎょうほけんほうおよびろうどうしゃさいがいほしょうほけんほうのいちぶをかいせいするほうりつおよびろうどうほけんのほけんりょうのちょうしゅうとうにかんするほうりつのしこうにともなうかんけいほうりつのせいびとうにかんするほうりつ,,昭和四十四年十二月九日,労働者災害補償保険法等の一部を改正する法律,令和八年法律第六十号,令和八年七月十七日,令和十三年七月十六日,公布の日から起算して五年を超えない範囲内において政令で定める日,344AC0000000085,https://laws.e-gov.go.jp/law/344AC0000000085/20310716_508AC0000000060,○
政令,昭和四十四年政令第二百五十八号,職業能力開発促進法施行令,しょくぎょうのうりょくかいはつそくしんほうしこうれい,,昭和四十四年九月三十日,職業能力開発促進法施行令の一部を改正する政令,令和五年政令第三百七十号,令和五年十二月二十二日,令和六年四月一日,,344CO0000000258,https://laws.e-gov.go.jp/law/344CO0000000258/20240401_505CO0000000370,
府省令,昭和四十四年労働省令第二十四号,職業能力開発促進法施行規則,しょくぎょうのうりょくかいはつそくしんほうしこうきそく,,昭和四十四年十月一日,学校教育法の一部を改正する法律の施行に伴う厚生労働省関係省令の整理に関する省令,令和八年厚生労働省令第五十一号,令和八年三月三十一日,令和八年四月一日,,344M50002000024,https://laws.e-gov.go.jp/law/344M50002000024/20260401_508M60000100051,
府省令,昭和四十四年労働省令第二十四号,職業能力開発促進法施行規則,しょくぎょうのうりょくかいはつそくしんほうしこうきそく,,昭和四十四年十月一日,職業能力開発促進法施行規則の一部を改正する省令,令和六年厚生労働省令第百十七号,令和六年八月二十九日,令和九年一月一日,,344M50002000024,https://laws.e-gov.go.jp/law/344M50002000024/20270101_506M60000100117,○
法律,昭和四十五年法律第六十号,家内労働法,かないろうどうほう,,昭和四十五年五月十六日,刑法等の一部を改正する法律の施行に伴う関係法律の整理等に関する法律,令和四年法律第六十八号,令和四年六月十七日,令和七年六月一日,,345AC0000000060,https://laws.e-gov.go.jp/law/345AC0000000060/20250601_504AC0000000068,
法律,昭和四十五年法律第九十八号,青少年の雇用の促進等に関する法律,せいしょうねんのこようのそくしんとうにかんするほうりつ,勤労青少年福祉法,昭和四十五年五月二十五日,船員法等の一部を改正する法律,令和七年法律第三十二号,令和七年五月十四日,令和八年五月十三日,,345AC0000000098,https://laws.e-gov.go.jp/law/345AC0000000098/20260513_507AC0000000032,
府省令,昭和四十五年労働省令第二十三号,家内労働法施行規則,かないろうどうほうしこうきそく,,昭和四十五年九月三十日,家内労働法施行規則及び雇用保険法施行規則の一部を改正する省令,令和六年厚生労働省令第百一号,令和六年六月二十八日,令和六年六月二十八日,,345M50002000023,https://laws.e-gov.go.jp/law/345M50002000023/20240628_506M60000100101,
府省令,昭和四十五年労働省令第二十三号,家内労働法施行規則,かないろうどうほうしこうきそく,,昭和四十五年九月三十日,労働安全衛生法及び作業環境測定法の一部を改正する法律の一部の施行に伴う関係省令の整備等に関する省令,令和八年厚生労働省令第二十九号,令和八年三月二十三日,令和九年四月一日,,345M50002000023,https://laws.e-gov.go.jp/law/345M50002000023/20270401_508M60000100029,○
法律,昭和四十六年法律第六十八号,高年齢者等の雇用の安定等に関する法律,こうねんれいしゃとうのこようのあんていとうにかんするほうりつ,,昭和四十六年五月二十五日,雇用保険法等の一部を改正する法律,令和四年法律第十二号,令和四年三月三十一日,令和四年十月一日,,346AC0000000068,https://laws.e-gov.go.jp/law/346AC0000000068/20221001_504AC0000000012,
法律,昭和四十六年法律第九十二号,勤労者財産形成促進法,きんろうしゃざいさんけいせいそくしんほう,,昭和四十六年六月一日,沖縄振興特別措置法等の一部を改正する法律,令和四年法律第七号,令和四年三月三十一日,令和四年四月一日,,346AC0000000092,https://laws.e-gov.go.jp/law/346AC0000000092/20220401_504AC0000000007,
政令,昭和四十六年政令第三百三十二号,勤労者財産形成促進法施行令,きんろうしゃざいさんけいせいそくしんほうしこうれい,,昭和四十六年十一月一日,租税特別措置法施行令の一部を改正する政令,令和八年政令第九十八号,令和八年三月三十一日,令和八年四月一日,,346CO0000000332,https://laws.e-gov.go.jp/law/346CO0000000332/20260401_508CO0000000098,
府省令,昭和四十六年労働省令第二十四号,高年齢者等の雇用の安定等に関する法律施行規則,こうねんれいしゃとうのこようのあんていとうにかんするほうりつしこうきそく,,昭和四十六年九月八日,高年齢者等の雇用の安定等に関する法律施行規則等の一部を改正する省令,令和七年厚生労働省令第三十号,令和七年三月二十八日,令和八年四月一日,,346M50002000024,https://laws.e-gov.go.jp/law/346M50002000024/20260401_507M60000100030,
府省令,昭和四十六年労働省令第二十七号,勤労者財産形成促進法施行規則,きんろうしゃざいさんけいせいそくしんほうしこうきそく,,昭和四十六年十一月一日,勤労者財産形成促進法施行規則の一部を改正する省令,令和八年厚生労働省令第七十一号,令和八年三月三十一日,令和八年四月一日,,346M50002000027,https://laws.e-gov.go.jp/law/346M50002000027/20260401_508M60000100071,
法律,昭和四十七年法律第五十七号,労働安全衛生法,ろうどうあんぜんえいせいほう,,昭和四十七年六月八日,労働安全衛生法及び作業環境測定法の一部を改正する法律,令和七年法律第三十三号,令和七年五月十四日,令和八年四月一日,,347AC0000000057,https://laws.e-gov.go.jp/law/347AC0000000057/20260401_507AC0000000033,
法律,昭和四十七年法律第五十七号,労働安全衛生法,ろうどうあんぜんえいせいほう,,昭和四十七年六月八日,労働安全衛生法及び作業環境測定法の一部を改正する法律,令和七年法律第三十三号,令和七年五月十四日,令和八年十月一日,,347AC0000000057,https://laws.e-gov.go.jp/law/347AC0000000057/20261001_507AC0000000033,○
法律,昭和四十七年法律第五十七号,労働安全衛生法,ろうどうあんぜんえいせいほう,,昭和四十七年六月八日,労働安全衛生法及び作業環境測定法の一部を改正する法律,令和七年法律第三十三号,令和七年五月十四日,令和九年一月一日,,347AC0000000057,https://laws.e-gov.go.jp/law/347AC0000000057/20270101_507AC0000000033,○
法律,昭和四十七年法律第五十七号,労働安全衛生法,ろうどうあんぜんえいせいほう,,昭和四十七年六月八日,労働安全衛生法及び作業環境測定法の一部を改正する法律,令和七年法律第三十三号,令和七年五月十四日,令和九年四月一日,,347AC0000000057,https://laws.e-gov.go.jp/law/347AC0000000057/20270401_507AC0000000033,○
法律,昭和四十七年法律第五十七号,労働安全衛生法,ろうどうあんぜんえいせいほう,,昭和四十七年六月八日,労働安全衛生法及び作業環境測定法の一部を改正する法律,令和七年法律第三十三号,令和七年五月十四日,令和十年四月一日,,347AC0000000057,https://laws.e-gov.go.jp/law/347AC0000000057/20280401_507AC0000000033,○
法律,昭和四十七年法律第五十七号,労働安全衛生法,ろうどうあんぜんえいせいほう,,昭和四十七年六月八日,労働安全衛生法及び作業環境測定法の一部を改正する法律,令和七年法律第三十三号,令和七年五月十四日,令和十二年四月一日,,347AC0000000057,https://laws.e-gov.go.jp/law/347AC0000000057/20300401_507AC0000000033,○
法律,昭和四十七年法律第百十三号,雇用の分野における男女の均等な機会及び待遇の確保等に関する法律,こようのぶんやにおけるだんじょのきんとうなきかいおよびたいぐうのかくほとうにかんするほうりつ,,昭和四十七年七月一日,労働施策の総合的な推進並びに労働者の雇用の安定及び職業生活の充実等に関する法律等の一部を改正する法律,令和七年法律第六十三号,令和七年六月十一日,令和七年六月十一日,,347AC0000000113,https://laws.e-gov.go.jp/law/347AC0000000113/20250611_507AC0000000063,
法律,昭和四十七年法律第百十三号,雇用の分野における男女の均等な機会及び待遇の確保等に関する法律,こようのぶんやにおけるだんじょのきんとうなきかいおよびたいぐうのかくほとうにかんするほうりつ,,昭和四十七年七月一日,労働施策の総合的な推進並びに労働者の雇用の安定及び職業生活の充実等に関する法律等の一部を改正する法律,令和七年法律第六十三号,令和七年六月十一日,令和八年十月一日,,347AC0000000113,https://laws.e-gov.go.jp/law/347AC0000000113/20261001_507AC0000000063,○
政令,昭和四十七年政令第四十六号,労働保険の保険料の徴収等に関する法律施行令,ろうどうほけんのほけんりょうのちょうしゅうとうにかんするほうりつせこうれい,,昭和四十七年三月三十一日,雇用保険法等の一部を改正する法律の一部の施行に伴う関係政令の整備に関する政令,令和二年政令第二百十九号,令和二年七月八日,令和二年九月一日,,347CO0000000046,https://laws.e-gov.go.jp/law/347CO0000000046/20200901_502CO0000000219,
政令,昭和四十七年政令第四十七号,失業保険法及び労働者災害補償保険法の一部を改正する法律及び労働保険の保険料の徴収等に関する法律の施行に伴う関係政令の整備等に関する政令,しつぎょうほけんほうおよびろうどうしゃさいがいほしょうほけんほうのいちぶをかいせいするほうりつおよびろうどうほけんのほけんりょうのちょうしゅうとうにかんするほうりつのしこうにともなうかんけいせいれいのせいびとうにかんするせいれい,,昭和四十七年三月三十一日,雇用保険法等の一部を改正する法律の一部の施行に伴う関係政令の整備等及び経過措置に関する政令,平成二十一年政令第二百九十六号,平成二十一年十二月二十四日,平成二十二年一月一日,,347CO0000000047,https://laws.e-gov.go.jp/law/347CO0000000047/20100101_421CO0000000296,
政令,昭和四十七年政令第百五十六号,沖縄の復帰に伴う労働省関係法令の適用の特別措置等に関する政令,おきなわのふっきにともなうろうどうしょうかんけいほうれいのてきようのとくべつそちとうにかんするせいれい,,昭和四十七年五月一日,刑法等の一部を改正する法律及び刑法等の一部を改正する法律の施行に伴う関係法律の整理等に関する法律の施行に伴う関係政令の整理等及び経過措置に関する政令,令和七年政令第百九十三号,令和七年五月二十三日,令和七年六月一日,,347CO0000000156,https://laws.e-gov.go.jp/law/347CO0000000156/20250601_507CO0000000193,
政令,昭和四十七年政令第三百十八号,労働安全衛生法施行令,ろうどうあんぜんえいせいほうしこうれい,,昭和四十七年八月十九日,労働安全衛生法施行令及び労働安全衛生法関係手数料令の一部を改正する政令,令和七年政令第三百六十一号,令和七年十月三十一日,令和八年四月一日,,347CO0000000318,https://laws.e-gov.go.jp/law/347CO0000000318/20260401_507CO0000000361,
政令,昭和四十七年政令第三百十八号,労働安全衛生法施行令,ろうどうあんぜんえいせいほうしこうれい,,昭和四十七年八月十九日,労働安全衛生法及び作業環境測定法の一部を改正する法律の一部の施行に伴う関係政令の整備に関する政令,令和八年政令第百九十六号,令和八年六月十七日,令和八年十月一日,,347CO0000000318,https://laws.e-gov.go.jp/law/347CO0000000318/20261001_508CO0000000196,○
政令,昭和四十七年政令第三百十八号,労働安全衛生法施行令,ろうどうあんぜんえいせいほうしこうれい,,昭和四十七年八月十九日,労働安全衛生法施行令の一部を改正する政令,令和七年政令第三十五号,令和七年二月十九日,令和九年四月一日,,347CO0000000318,https://laws.e-gov.go.jp/law/347CO0000000318/20270401_507CO0000000035,○
政令,昭和四十七年政令第三百十八号,労働安全衛生法施行令,ろうどうあんぜんえいせいほうしこうれい,,昭和四十七年八月十九日,労働安全衛生法及び作業環境測定法の一部を改正する法律の一部の施行に伴う関係政令の整理等に関する政令,令和八年政令第四十号,令和八年三月十八日,令和九年四月一日,,347CO0000000318,https://laws.e-gov.go.jp/law/347CO0000000318/20270401_508CO0000000040,○
政令,昭和四十七年政令第三百十八号,労働安全衛生法施行令,ろうどうあんぜんえいせいほうしこうれい,,昭和四十七年八月十九日,労働安全衛生法施行令の一部を改正する政令,令和八年政令第九十号,令和八年三月三十一日,令和十年四月一日,,347CO0000000318,https://laws.e-gov.go.jp/law/347CO0000000318/20280401_508CO0000000090,○
政令,昭和四十七年政令第三百四十五号,労働安全衛生法関係手数料令,ろうどうあんぜんえいせいほうかんけいてすうりょうれい,,昭和四十七年九月二十八日,労働安全衛生法施行令及び労働安全衛生法関係手数料令の一部を改正する政令,令和七年政令第三百六十一号,令和七年十月三十一日,令和八年四月一日,,347CO0000000345,https://laws.e-gov.go.jp/law/347CO0000000345/20260401_507CO0000000361,
府省令,昭和四十七年労働省令第八号,労働保険の保険料の徴収等に関する法律施行規則,ろうどうほけんのほけんりょうのちょうしゅうとうにかんするほうりつしこうきそく,,昭和四十七年三月三十一日,社会保険審査官及び社会保険審査会法施行規則等の一部を改正する省令,令和八年厚生労働省令第八十八号,令和八年四月二十八日,令和八年五月二十一日,,347M50002000008,https://laws.e-gov.go.jp/law/347M50002000008/20260521_508M60000100088,
府省令,昭和四十七年労働省令第九号,失業保険法及び労働者災害補償保険法の一部を改正する法律及び労働保険の保険料の徴収等に関する法律の施行に伴う労働省令の整備等に関する省令,しつぎょうほけんほうおよびろうどうしゃさいがいほしょうほけんほうのいちぶをかいせいするほうりつおよびろうどうほけんのほけんりょうのちょうしゅうとうにかんするほうりつのしこうにともなうろうどうしょうれいのせいびとうにかんするしょうれい,,昭和四十七年三月三十一日,失業保険法及び労働者災害補償保険法の一部を改正する法律及び労働保険の保険料の徴収等に関する法律の施行に伴う労働省令の整備等に関する省令の一部を改正する省令,令和七年厚生労働省令第十六号,令和七年三月四日,令和七年三月四日,,347M50002000009,https://laws.e-gov.go.jp/law/347M50002000009/20250304_507M60000100016,
府省令,昭和四十七年労働省令第十八号,沖縄の復帰に伴う労働省令等の適用の特別措置等に関する省令,おきなわのふっきにともなうろうどうしょうれいとうのてきようのとくべつそちとうにかんするしょうれい,,昭和四十七年五月十五日,女性労働基準規則,昭和六十一年労働省令第三号,昭和六十一年一月二十七日,昭和六十一年一月二十七日,,347M50002000018,https://laws.e-gov.go.jp/law/347M50002000018/19860127_361M50002000003,
府省令,昭和四十七年労働省令第三十二号,労働安全衛生規則,ろうどうあんぜんえいせいきそく,,昭和四十七年九月三十日,労働安全衛生規則の一部を改正する省令,令和八年厚生労働省令第八十六号,令和八年四月二十八日,令和八年八月一日,,347M50002000032,https://laws.e-gov.go.jp/law/347M50002000032/20260801_508M60000100086,
府省令,昭和四十七年労働省令第三十二号,労働安全衛生規則,ろうどうあんぜんえいせいきそく,,昭和四十七年九月三十日,労働安全衛生規則及び労働者派遣事業の適正な運営の確保及び派遣労働者の保護等に関する法律施行規則の一部を改正する省令,令和七年厚生労働省令第百二十号,令和七年十二月九日,令和九年一月一日,,347M50002000032,https://laws.e-gov.go.jp/law/347M50002000032/20270101_507M60000100120,○
府省令,昭和四十七年労働省令第三十二号,労働安全衛生規則,ろうどうあんぜんえいせいきそく,,昭和四十七年九月三十日,労働安全衛生規則の一部を改正する省令,令和七年厚生労働省令第十二号,令和七年二月十九日,令和九年四月一日,,347M50002000032,https://laws.e-gov.go.jp/law/347M50002000032/20270401_507M60000100012,○
府省令,昭和四十七年労働省令第三十二号,労働安全衛生規則,ろうどうあんぜんえいせいきそく,,昭和四十七年九月三十日,労働安全衛生法及び作業環境測定法の一部を改正する法律の一部の施行に伴う関係省令の整備等に関する省令,令和八年厚生労働省令第二十九号,令和八年三月二十三日,令和九年四月一日,,347M50002000032,https://laws.e-gov.go.jp/law/347M50002000032/20270401_508M60000100029,○
府省令,昭和四十七年労働省令第三十二号,労働安全衛生規則,ろうどうあんぜんえいせいきそく,,昭和四十七年九月三十日,労働安全衛生規則等の一部を改正する省令,令和八年厚生労働省令第八十九号,令和八年四月二十八日,令和九年四月一日,,347M50002000032,https://laws.e-gov.go.jp/law/347M50002000032/20270401_508M60000100089,○
府省令,昭和四十七年労働省令第三十二号,労働安全衛生規則,ろうどうあんぜんえいせいきそく,,昭和四十七年九月三十日,クレーン等安全規則及び労働安全衛生規則の一部を改正する省令,令和八年厚生労働省令第九十号,令和八年四月三十日,令和九年四月一日,,347M50002000032,https://laws.e-gov.go.jp/law/347M50002000032/20270401_508M60000100090,○
府省令,昭和四十七年労働省令第三十二号,労働安全衛生規則,ろうどうあんぜんえいせいきそく,,昭和四十七年九月三十日,労働安全衛生規則の一部を改正する省令,令和八年厚生労働省令第百十二号,令和八年六月三十日,令和九年四月一日,,347M50002000032,https://laws.e-gov.go.jp/law/347M50002000032/20270401_508M60000100112,○
府省令,昭和四十七年労働省令第三十二号,労働安全衛生規則,ろうどうあんぜんえいせいきそく,,昭和四十七年九月三十日,労働安全衛生規則の一部を改正する省令,令和八年厚生労働省令第六十八号,令和八年三月三十一日,令和十年四月一日,,347M50002000032,https://laws.e-gov.go.jp/law/347M50002000032/20280401_508M60000100068,○
府省令,昭和四十七年労働省令第三十三号,ボイラー及び圧力容器安全規則,ぼいらーおよびあつりょくようきあんぜんきそく,,昭和四十七年九月三十日,労働安全衛生法及び作業環境測定法の一部を改正する法律の一部の施行に伴う関係省令の整備等に関する省令,令和八年厚生労働省令第三号,令和八年一月二十日,令和八年四月一日,,347M50002000033,https://laws.e-gov.go.jp/law/347M50002000033/20260401_508M60000100003,
府省令,昭和四十七年労働省令第三十三号,ボイラー及び圧力容器安全規則,ぼいらーおよびあつりょくようきあんぜんきそく,,昭和四十七年九月三十日,労働安全衛生法及び作業環境測定法の一部を改正する法律の一部の施行に伴う関係省令の整備等に関する省令,令和八年厚生労働省令第二十九号,令和八年三月二十三日,令和九年四月一日,,347M50002000033,https://laws.e-gov.go.jp/law/347M50002000033/20270401_508M60000100029,○
府省令,昭和四十七年労働省令第三十四号,クレーン等安全規則,くれーんとうあんぜんきそく,,昭和四十七年九月三十日,労働安全衛生法及び作業環境測定法の一部を改正する法律の一部の施行に伴う関係省令の整備等に関する省令,令和八年厚生労働省令第三号,令和八年一月二十日,令和八年四月一日,,347M50002000034,https://laws.e-gov.go.jp/law/347M50002000034/20260401_508M60000100003,
府省令,昭和四十七年労働省令第三十四号,クレーン等安全規則,くれーんとうあんぜんきそく,,昭和四十七年九月三十日,労働安全衛生法及び作業環境測定法の一部を改正する法律の一部の施行に伴う関係省令の整備等に関する省令,令和八年厚生労働省令第二十九号,令和八年三月二十三日,令和九年四月一日,,347M50002000034,https://laws.e-gov.go.jp/law/347M50002000034/20270401_508M60000100029,○
府省令,昭和四十七年労働省令第三十四号,クレーン等安全規則,くれーんとうあんぜんきそく,,昭和四十七年九月三十日,クレーン等安全規則及び労働安全衛生規則の一部を改正する省令,令和八年厚生労働省令第九十号,令和八年四月三十日,令和九年四月一日,,347M50002000034,https://laws.e-gov.go.jp/law/347M50002000034/20270401_508M60000100090,○
府省令,昭和四十七年労働省令第三十五号,ゴンドラ安全規則,ごんどらあんぜんきそく,,昭和四十七年九月三十日,労働安全衛生法及び作業環境測定法の一部を改正する法律の一部の施行に伴う関係省令の整備等に関する省令,令和八年厚生労働省令第三号,令和八年一月二十日,令和八年四月一日,,347M50002000035,https://laws.e-gov.go.jp/law/347M50002000035/20260401_508M60000100003,
府省令,昭和四十七年労働省令第三十五号,ゴンドラ安全規則,ごんどらあんぜんきそく,,昭和四十七年九月三十日,労働安全衛生法及び作業環境測定法の一部を改正する法律の一部の施行に伴う関係省令の整備等に関する省令,令和八年厚生労働省令第二十九号,令和八年三月二十三日,令和九年四月一日,,347M50002000035,https://laws.e-gov.go.jp/law/347M50002000035/20270401_508M60000100029,○
府省令,昭和四十七年労働省令第三十六号,有機溶剤中毒予防規則,ゆうきようざいちゅうどくよぼうきそく,,昭和四十七年九月三十日,労働安全衛生法及び作業環境測定法の一部を改正する法律の一部の施行に伴う関係省令の整備等に関する省令,令和八年厚生労働省令第三号,令和八年一月二十日,令和八年四月一日,,347M50002000036,https://laws.e-gov.go.jp/law/347M50002000036/20260401_508M60000100003,
府省令,昭和四十七年労働省令第三十六号,有機溶剤中毒予防規則,ゆうきようざいちゅうどくよぼうきそく,,昭和四十七年九月三十日,有機溶剤中毒予防規則等の一部を改正する省令,令和六年厚生労働省令第四十四号,令和六年三月十八日,令和八年十月一日,,347M50002000036,https://laws.e-gov.go.jp/law/347M50002000036/20261001_506M60000100044,○
府省令,昭和四十七年労働省令第三十六号,有機溶剤中毒予防規則,ゆうきようざいちゅうどくよぼうきそく,,昭和四十七年九月三十日,労働安全衛生法及び作業環境測定法の一部を改正する法律の一部の施行に伴う関係省令の整備等に関する省令,令和八年厚生労働省令第二十九号,令和八年三月二十三日,令和九年四月一日,,347M50002000036,https://laws.e-gov.go.jp/law/347M50002000036/20270401_508M60000100029,○
府省令,昭和四十七年労働省令第三十六号,有機溶剤中毒予防規則,ゆうきようざいちゅうどくよぼうきそく,,昭和四十七年九月三十日,労働安全衛生規則等の一部を改正する省令,令和八年厚生労働省令第八十九号,令和八年四月二十八日,令和九年四月一日,,347M50002000036,https://laws.e-gov.go.jp/law/347M50002000036/20270401_508M60000100089,○
府省令,昭和四十七年労働省令第三十七号,鉛中毒予防規則,なまりちゅうどくよぼうきそく,,昭和四十七年九月三十日,労働安全衛生法及び作業環境測定法の一部を改正する法律の一部の施行に伴う関係省令の整備等に関する省令,令和八年厚生労働省令第三号,令和八年一月二十日,令和八年四月一日,,347M50002000037,https://laws.e-gov.go.jp/law/347M50002000037/20260401_508M60000100003,
府省令,昭和四十七年労働省令第三十七号,鉛中毒予防規則,なまりちゅうどくよぼうきそく,,昭和四十七年九月三十日,有機溶剤中毒予防規則等の一部を改正する省令,令和六年厚生労働省令第四十四号,令和六年三月十八日,令和八年十月一日,,347M50002000037,https://laws.e-gov.go.jp/law/347M50002000037/20261001_506M60000100044,○
府省令,昭和四十七年労働省令第三十七号,鉛中毒予防規則,なまりちゅうどくよぼうきそく,,昭和四十七年九月三十日,労働安全衛生法及び作業環境測定法の一部を改正する法律の一部の施行に伴う関係省令の整備等に関する省令,令和八年厚生労働省令第二十九号,令和八年三月二十三日,令和九年四月一日,,347M50002000037,https://laws.e-gov.go.jp/law/347M50002000037/20270401_508M60000100029,○
府省令,昭和四十七年労働省令第三十八号,四アルキル鉛中毒予防規則,しあるきるなまりちゅうどくよぼうきそく,,昭和四十七年九月三十日,労働安全衛生法及び作業環境測定法の一部を改正する法律の一部の施行に伴う関係省令の整備等に関する省令,令和八年厚生労働省令第三号,令和八年一月二十日,令和八年四月一日,,347M50002000038,https://laws.e-gov.go.jp/law/347M50002000038/20260401_508M60000100003,
府省令,昭和四十七年労働省令第三十八号,四アルキル鉛中毒予防規則,しあるきるなまりちゅうどくよぼうきそく,,昭和四十七年九月三十日,労働安全衛生法及び作業環境測定法の一部を改正する法律の一部の施行に伴う関係省令の整備等に関する省令,令和八年厚生労働省令第二十九号,令和八年三月二十三日,令和九年四月一日,,347M50002000038,https://laws.e-gov.go.jp/law/347M50002000038/20270401_508M60000100029,○
府省令,昭和四十七年労働省令第三十九号,特定化学物質障害予防規則,とくていかがくぶっしつしょうがいよぼうきそく,,昭和四十七年九月三十日,労働安全衛生法及び作業環境測定法の一部を改正する法律の一部の施行に伴う関係省令の整備等に関する省令,令和八年厚生労働省令第三号,令和八年一月二十日,令和八年四月一日,,347M50002000039,https://laws.e-gov.go.jp/law/347M50002000039/20260401_508M60000100003,
府省令,昭和四十七年労働省令第三十九号,特定化学物質障害予防規則,とくていかがくぶっしつしょうがいよぼうきそく,,昭和四十七年九月三十日,有機溶剤中毒予防規則等の一部を改正する省令,令和六年厚生労働省令第四十四号,令和六年三月十八日,令和八年十月一日,,347M50002000039,https://laws.e-gov.go.jp/law/347M50002000039/20261001_506M60000100044,○
府省令,昭和四十七年労働省令第三十九号,特定化学物質障害予防規則,とくていかがくぶっしつしょうがいよぼうきそく,,昭和四十七年九月三十日,労働安全衛生法及び作業環境測定法の一部を改正する法律の一部の施行に伴う関係省令の整備等に関する省令,令和八年厚生労働省令第二十九号,令和八年三月二十三日,令和九年四月一日,,347M50002000039,https://laws.e-gov.go.jp/law/347M50002000039/20270401_508M60000100029,○
府省令,昭和四十七年労働省令第三十九号,特定化学物質障害予防規則,とくていかがくぶっしつしょうがいよぼうきそく,,昭和四十七年九月三十日,労働安全衛生規則等の一部を改正する省令,令和八年厚生労働省令第八十九号,令和八年四月二十八日,令和九年四月一日,,347M50002000039,https://laws.e-gov.go.jp/law/347M50002000039/20270401_508M60000100089,○
府省令,昭和四十七年労働省令第四十号,高気圧作業安全衛生規則,こうきあつさぎょうあんぜんえいせいきそく,,昭和四十七年九月三十日,労働安全衛生法及び作業環境測定法の一部を改正する法律の一部の施行に伴う関係省令の整備等に関する省令,令和八年厚生労働省令第三号,令和八年一月二十日,令和八年四月一日,,347M50002000040,https://laws.e-gov.go.jp/law/347M50002000040/20260401_508M60000100003,
府省令,昭和四十七年労働省令第四十号,高気圧作業安全衛生規則,こうきあつさぎょうあんぜんえいせいきそく,,昭和四十七年九月三十日,労働安全衛生法及び作業環境測定法の一部を改正する法律の一部の施行に伴う関係省令の整備等に関する省令,令和八年厚生労働省令第二十九号,令和八年三月二十三日,令和九年四月一日,,347M50002000040,https://laws.e-gov.go.jp/law/347M50002000040/20270401_508M60000100029,○
府省令,昭和四十七年労働省令第四十一号,電離放射線障害防止規則,でんりほうしゃせんしょうがいぼうしきそく,,昭和四十七年九月三十日,労働安全衛生法及び作業環境測定法の一部を改正する法律の一部の施行に伴う関係省令の整備等に関する省令,令和八年厚生労働省令第三号,令和八年一月二十日,令和八年四月一日,,347M50002000041,https://laws.e-gov.go.jp/law/347M50002000041/20260401_508M60000100003,
府省令,昭和四十七年労働省令第四十一号,電離放射線障害防止規則,でんりほうしゃせんしょうがいぼうしきそく,,昭和四十七年九月三十日,労働安全衛生法及び作業環境測定法の一部を改正する法律の一部の施行に伴う関係省令の整備等に関する省令,令和八年厚生労働省令第二十九号,令和八年三月二十三日,令和九年四月一日,,347M50002000041,https://laws.e-gov.go.jp/law/347M50002000041/20270401_508M60000100029,○
府省令,昭和四十七年労働省令第四十一号,電離放射線障害防止規則,でんりほうしゃせんしょうがいぼうしきそく,,昭和四十七年九月三十日,労働安全衛生規則及び電離放射線障害防止規則の一部を改正する省令,令和七年厚生労働省令第百八号,令和七年十月二十九日,令和九年十月一日,,347M50002000041,https://laws.e-gov.go.jp/law/347M50002000041/20271001_507M60000100108,○
府省令,昭和四十七年労働省令第四十二号,酸素欠乏症等防止規則,さんそけつぼうしょうとうぼうしきそく,,昭和四十七年九月三十日,労働安全衛生法及び作業環境測定法の一部を改正する法律の一部の施行に伴う関係省令の整備等に関する省令,令和八年厚生労働省令第三号,令和八年一月二十日,令和八年四月一日,,347M50002000042,https://laws.e-gov.go.jp/law/347M50002000042/20260401_508M60000100003,
府省令,昭和四十七年労働省令第四十二号,酸素欠乏症等防止規則,さんそけつぼうしょうとうぼうしきそく,,昭和四十七年九月三十日,労働安全衛生法及び作業環境測定法の一部を改正する法律の一部の施行に伴う関係省令の整備等に関する省令,令和八年厚生労働省令第二十九号,令和八年三月二十三日,令和九年四月一日,,347M50002000042,https://laws.e-gov.go.jp/law/347M50002000042/20270401_508M60000100029,○
府省令,昭和四十七年労働省令第四十三号,事務所衛生基準規則,じむしょえいせいきじゅんきそく,,昭和四十七年九月三十日,事務所衛生基準規則及び労働安全衛生規則の一部を改正する省令,令和三年厚生労働省令第百八十八号,令和三年十二月一日,令和四年十二月一日,,347M50002000043,https://laws.e-gov.go.jp/law/347M50002000043/20221201_503M60000100188,
府省令,昭和四十七年労働省令第四十四号,労働安全衛生法及びこれに基づく命令に係る登録及び指定に関する省令,ろうどうあんぜんえいせいほうおよびこれにもとづくめいれいにかかるとうろくおよびしていにかんするしょうれい,,昭和四十七年九月三十日,労働安全衛生法及び作業環境測定法の一部を改正する法律の一部の施行に伴う関係省令の整備等に関する省令,令和八年厚生労働省令第三号,令和八年一月二十日,令和八年四月一日,,347M50002000044,https://laws.e-gov.go.jp/law/347M50002000044/20260401_508M60000100003,
府省令,昭和四十七年労働省令第四十四号,労働安全衛生法及びこれに基づく命令に係る登録及び指定に関する省令,ろうどうあんぜんえいせいほうおよびこれにもとづくめいれいにかかるとうろくおよびしていにかんするしょうれい,,昭和四十七年九月三十日,有機溶剤中毒予防規則等の一部を改正する省令,令和六年厚生労働省令第四十四号,令和六年三月十八日,令和八年十月一日,,347M50002000044,https://laws.e-gov.go.jp/law/347M50002000044/20261001_506M60000100044,○
府省令,昭和四十七年労働省令第四十四号,労働安全衛生法及びこれに基づく命令に係る登録及び指定に関する省令,ろうどうあんぜんえいせいほうおよびこれにもとづくめいれいにかかるとうろくおよびしていにかんするしょうれい,,昭和四十七年九月三十日,労働安全衛生法及び作業環境測定法の一部を改正する法律の一部の施行に伴う関係省令の整備等に関する省令,令和八年厚生労働省令第二十九号,令和八年三月二十三日,令和九年四月一日,,347M50002000044,https://laws.e-gov.go.jp/law/347M50002000044/20270401_508M60000100029,○
府省令,昭和四十七年労働省令第四十五号,機械等検定規則,きかいとうけんていきそく,,昭和四十七年九月三十日,労働安全衛生法及び作業環境測定法の一部を改正する法律の一部の施行に伴う関係省令の整備等に関する省令,令和八年厚生労働省令第三号,令和八年一月二十日,令和八年四月一日,,347M50002000045,https://laws.e-gov.go.jp/law/347M50002000045/20260401_508M60000100003,
府省令,昭和四十七年労働省令第四十五号,機械等検定規則,きかいとうけんていきそく,,昭和四十七年九月三十日,労働安全衛生法及び作業環境測定法の一部を改正する法律の一部の施行に伴う関係省令の整備等に関する省令,令和八年厚生労働省令第二十九号,令和八年三月二十三日,令和九年四月一日,,347M50002000045,https://laws.e-gov.go.jp/law/347M50002000045/20270401_508M60000100029,○
府省令,昭和四十七年労働省令第四十六号,産業安全専門官及び労働衛生専門官規程,さんぎょうあんぜんせんもんかんおよびろうどうえいせいせんもんかんきてい,,昭和四十七年九月三十日,元号の表記の整理のための厚生労働省関係省令の一部を改正する省令,令和元年厚生労働省令第一号,令和元年五月七日,令和元年五月七日,,347M50002000046,https://laws.e-gov.go.jp/law/347M50002000046/20190507_501M60000100001,
府省令,昭和四十七年労働省令第四十七号,沖縄県の区域における労働安全衛生法及びこれに基づく命令の適用の特別措置等に関する省令,おきなわけんのくいきにおけるろうどうあんぜんえいせいほうおよびこれにもとづくめいれいのてきようのとくべつそちとうにかんするしょうれい,,昭和四十七年九月三十日,,平成十五年厚生労働省令第百七十五号,平成十五年十二月十九日,平成十六年三月三十一日,,347M50002000047,https://laws.e-gov.go.jp/law/347M50002000047/20040331_415M60000100175,
府省令,昭和四十七年労働省令第四十七号,沖縄県の区域における労働安全衛生法及びこれに基づく命令の適用の特別措置等に関する省令,おきなわけんのくいきにおけるろうどうあんぜんえいせいほうおよびこれにもとづくめいれいのてきようのとくべつそちとうにかんするしょうれい,,昭和四十七年九月三十日,労働安全衛生法及び作業環境測定法の一部を改正する法律の一部の施行に伴う関係省令の整備等に関する省令,令和八年厚生労働省令第二十九号,令和八年三月二十三日,令和九年四月一日,,347M50002000047,https://laws.e-gov.go.jp/law/347M50002000047/20270401_508M60000100029,○
政令,昭和四十八年政令第百九十五号,労働保険事務組合に対する報奨金に関する政令,ろうどうほけんじむくみあいにたいするほうしょうきんにかんするせいれい,,昭和四十八年七月十日,,平成二十三年政令第七十五号,平成二十三年三月三十一日,平成二十三年四月一日,,348CO0000000195,https://laws.e-gov.go.jp/law/348CO0000000195/20110401_423CO0000000075,
府省令,昭和四十八年労働省令第三号,労働安全コンサルタント及び労働衛生コンサルタント規則,ろうどうあんぜんこんさるたんとおよびろうどうえいせいこんさるたんときそく,,昭和四十八年三月二十四日,刑法等の一部を改正する法律及び刑法等の一部を改正する法律の施行に伴う関係法律の整理等に関する法律の施行に伴う厚生労働省関係省令の整理等に関する省令,令和七年厚生労働省令第六十二号,令和七年五月三十日,令和七年六月一日,,348M50002000003,https://laws.e-gov.go.jp/law/348M50002000003/20250601_507M60000100062,
府省令,昭和四十八年労働省令第二十三号,労働保険事務組合に対する報奨金に関する省令,ろうどうほけんじむくみあいにたいするほうしょうきんにかんするしょうれい,,昭和四十八年七月十日,労働保険事務組合に対する報奨金に関する省令の一部を改正する省令,令和七年厚生労働省令第九十九号,令和七年十月十日,令和七年十月十日,,348M50002000023,https://laws.e-gov.go.jp/law/348M50002000023/20251010_507M60000100099,
法律,昭和四十九年法律第百十六号,雇用保険法,こようほけんほう,,昭和四十九年十二月二十八日,船員法等の一部を改正する法律,令和七年法律第三十二号,令和七年五月十四日,令和八年五月十三日,,349AC0000000116,https://laws.e-gov.go.jp/law/349AC0000000116/20260513_507AC0000000032,
法律,昭和四十九年法律第百十六号,雇用保険法,こようほけんほう,,昭和四十九年十二月二十八日,雇用保険法等の一部を改正する法律,令和六年法律第二十六号,令和六年五月十七日,令和十年十月一日,,349AC0000000116,https://laws.e-gov.go.jp/law/349AC0000000116/20281001_506AC0000000026,○
府省令,昭和四十九年労働省令第三十号,労働者災害補償保険特別支給金支給規則,ろうどうしゃさいがいほしょうほけんとくべつしきゅうきんしきゅうきそく,,昭和四十九年十二月二十八日,刑法等の一部を改正する法律及び刑法等の一部を改正する法律の施行に伴う関係法律の整理等に関する法律の施行に伴う厚生労働省関係省令の整理等に関する省令,令和七年厚生労働省令第六十二号,令和七年五月三十日,令和七年六月一日,,349M50002000030,https://laws.e-gov.go.jp/law/349M50002000030/20250601_507M60000100062,
法律,昭和五十年法律第二十八号,作業環境測定法,さぎょうかんきょうそくていほう,,昭和五十年五月一日,労働安全衛生法及び作業環境測定法の一部を改正する法律,令和七年法律第三十三号,令和七年五月十四日,令和八年四月一日,,350AC0000000028,https://laws.e-gov.go.jp/law/350AC0000000028/20260401_507AC0000000033,
法律,昭和五十年法律第二十八号,作業環境測定法,さぎょうかんきょうそくていほう,,昭和五十年五月一日,労働安全衛生法及び作業環境測定法の一部を改正する法律,令和七年法律第三十三号,令和七年五月十四日,令和八年十月一日,,350AC0000000028,https://laws.e-gov.go.jp/law/350AC0000000028/20261001_507AC0000000033,○
政令,昭和五十年政令第二十五号,雇用保険法施行令,こようほけんほうせこうれい,,昭和五十年三月十日,雇用保険法施行令の一部を改正する政令,令和八年政令第百二十九号,令和八年四月八日,令和八年四月八日,,350CO0000000025,https://laws.e-gov.go.jp/law/350CO0000000025/20260408_508CO0000000129,
政令,昭和五十年政令第二十五号,雇用保険法施行令,こようほけんほうせこうれい,,昭和五十年三月十日,雇用保険法等の一部を改正する法律の施行に伴う関係政令の整備及び経過措置に関する政令,令和六年政令第三百十七号,令和六年十月十一日,令和十年十月一日,,350CO0000000025,https://laws.e-gov.go.jp/law/350CO0000000025/20281001_506CO0000000317,○
政令,昭和五十年政令第二百四十四号,作業環境測定法施行令,さぎょうかんきょうそくていほうせこうれい,,昭和五十年八月一日,情報通信技術の活用による行政手続等に係る関係者の利便性の向上並びに行政運営の簡素化及び効率化を図るための行政手続等における情報通信の技術の利用に関する法律等の一部を改正する法律の施行に伴う関係政令の整備等に関する政令,令和元年政令第百八十三号,令和元年十二月十三日,令和元年十二月十六日,,350CO0000000244,https://laws.e-gov.go.jp/law/350CO0000000244/20191216_501CO0000000183,
政令,昭和五十年政令第二百四十四号,作業環境測定法施行令,さぎょうかんきょうそくていほうせこうれい,,昭和五十年八月一日,労働安全衛生法及び作業環境測定法の一部を改正する法律の一部の施行に伴う関係政令の整備に関する政令,令和八年政令第百九十六号,令和八年六月十七日,令和八年十月一日,,350CO0000000244,https://laws.e-gov.go.jp/law/350CO0000000244/20261001_508CO0000000196,○
府省令,昭和五十年運輸省令第四十六号,船員に関する勤労者財産形成促進法施行規則,せんいんにかんするきんろうしゃざいさんけいせいそくしんほうせこうきそく,,昭和五十年十一月十三日,押印を求める手続の見直し等のための国土交通省関係省令の一部を改正する省令,令和二年国土交通省令第九十八号,令和二年十二月二十三日,令和三年一月一日,,350M50000800046,https://laws.e-gov.go.jp/law/350M50000800046/20210101_502M60000800098,
府省令,昭和五十年労働省令第三号,雇用保険法施行規則,こようほけんほうしこうきそく,,昭和五十年三月十日,雇用保険法施行規則の一部を改正する省令,令和八年厚生労働省令第三十一号,令和八年三月二十四日,令和八年八月一日,,350M50002000003,https://laws.e-gov.go.jp/law/350M50002000003/20260801_508M60000100031,
府省令,昭和五十年労働省令第二十号,作業環境測定法施行規則,さぎょうかんきょうそくていほうしこうきそく,,昭和五十年八月一日,労働安全衛生法及び作業環境測定法の一部を改正する法律の一部の施行に伴う関係省令の整備等に関する省令,令和八年厚生労働省令第三号,令和八年一月二十日,令和八年四月一日,,350M50002000020,https://laws.e-gov.go.jp/law/350M50002000020/20260401_508M60000100003,
法律,昭和五十一年法律第三十三号,建設労働者の雇用の改善等に関する法律,けんせつろうどうしゃのこようのかいぜんとうにかんするほうりつ,,昭和五十一年五月二十七日,刑法等の一部を改正する法律の施行に伴う関係法律の整理等に関する法律　抄,令和四年法律第六十八号,令和四年六月十七日,令和七年六月一日,,351AC0000000033,https://laws.e-gov.go.jp/law/351AC0000000033/20250601_504AC0000000068,
法律,昭和五十一年法律第三十四号,賃金の支払の確保等に関する法律,ちんぎんのしはらいのかくほとうにかんするほうりつ,,昭和五十一年五月二十七日,刑法等の一部を改正する法律の施行に伴う関係法律の整理等に関する法律,令和四年法律第六十八号,令和四年六月十七日,令和七年六月一日,,351AC0000000034,https://laws.e-gov.go.jp/law/351AC0000000034/20250601_504AC0000000068,
政令,昭和五十一年政令第百六十九号,賃金の支払の確保等に関する法律施行令,ちんぎんのしはらいのかくほとうにかんするほうりつせこうれい,,昭和五十一年六月二十八日,雇用保険法等の一部を改正する法律の一部の施行に伴う関係政令の整備等及び経過措置に関する政令　抄,平成二十一年政令第二百九十六号,平成二十一年十二月二十四日,平成二十二年一月一日,,351CO0000000169,https://laws.e-gov.go.jp/law/351CO0000000169/20100101_421CO0000000296,
政令,昭和五十一年政令第二百五十二号,高年齢者等の雇用の安定等に関する法律施行令,こうねんれいしゃとうのこようのあんていとうにかんするほうりつしこうれい,,昭和五十一年九月二十八日,独立行政法人男女共同参画機構法の施行に伴う関係政令の整備及び経過措置に関する政令,令和七年政令第三百九十五号,令和七年十一月二十八日,令和八年四月一日,,351CO0000000252,https://laws.e-gov.go.jp/law/351CO0000000252/20260401_507CO0000000395,
府省令,昭和五十一年厚生省令第二十七号,未払賃金の立替払事業に係る船員の立替払賃金の請求の手続等に関する省令,みばらいちんぎんのたてかえばらいじぎょうにかかるせんいんのたてかえばらいちんぎんのせいきゅうのてつづきとうにかんするしょうれい,,昭和五十一年六月三十日,,平成二十八年厚生労働省令第五十六号,平成二十八年三月三十一日,平成二十八年四月一日,,351M50000100027,https://laws.e-gov.go.jp/law/351M50000100027/20160401_428M60000100056,
府省令,昭和五十一年運輸省令第二十六号,船員に関する賃金の支払の確保等に関する法律施行規則,せんいんにかんするちんぎんのしはらいのかくほとうにかんするほうりつしこうきそく,,昭和五十一年六月二十八日,国土交通省の所管する法律の規定に基づく立入検査等の際に携帯する職員の身分を示す証明書の様式の特例に関する省令の一部を改正する省令,令和六年国土交通省令第二十六号,令和六年三月二十九日,令和六年四月一日,,351M50000800026,https://laws.e-gov.go.jp/law/351M50000800026/20240401_506M60000800026,
府省令,昭和五十一年厚生省・運輸省令第一号,船員に係る未払賃金の額の確認等に関する省令,せんいんにかかるみばらいちんぎんのがくのかくにんとうにかんするしょうれい,,昭和五十一年六月二十八日,,平成十八年厚生労働省・国土交通省令第二号,平成十八年四月二十八日,平成十八年五月一日,,351M50000900001,https://laws.e-gov.go.jp/law/351M50000900001/20060501_418M60000900002,
府省令,昭和五十一年労働省令第二十六号,賃金の支払の確保等に関する法律施行規則,ちんぎんのしはらいのかくほとうにかんするほうりつせこうきそく,,昭和五十一年六月二十八日,賃金の支払の確保等に関する法律施行規則の一部を改正する省令,令和八年厚生労働省令第四号,令和八年一月二十日,令和八年一月二十日,,351M50002000026,https://laws.e-gov.go.jp/law/351M50002000026/20260120_508M60000100004,
府省令,昭和五十一年労働省令第二十九号,建設労働者の雇用の改善等に関する法律施行規則,けんせつろうどうしゃのこようのかいぜんとうにかんするほうりつしこうきそく,,昭和五十一年八月十六日,雇用保険法施行規則及び建設労働者の雇用の改善等に関する法律施行規則の一部を改正する省令,令和八年厚生労働省令第七十七号,令和八年四月八日,令和八年四月八日,,351M50002000029,https://laws.e-gov.go.jp/law/351M50002000029/20260408_508M60000100077,
府省令,昭和五十一年労働省令第三十八号,障害者の雇用の促進等に関する法律施行規則,しょうがいしゃのこようのそくしんとうにかんするほうりつしこうきそく,,昭和五十一年九月三十日,高次脳機能障害者支援法の施行に伴う厚生労働省関係省令の整備に関する省令,令和八年厚生労働省令第五十二号,令和八年三月三十一日,令和八年四月一日,,351M50002000038,https://laws.e-gov.go.jp/law/351M50002000038/20260401_508M60000100052,
府省令,昭和五十一年労働省令第三十八号,障害者の雇用の促進等に関する法律施行規則,しょうがいしゃのこようのそくしんとうにかんするほうりつしこうきそく,,昭和五十一年九月三十日,労働施策の総合的な推進並びに労働者の雇用の安定及び職業生活の充実等に関する法律等の一部を改正する法律の施行に伴う厚生労働省関係省令の整備に関する省令,令和八年厚生労働省令第十八号,令和八年二月二十六日,令和八年十月一日,,351M50002000038,https://laws.e-gov.go.jp/law/351M50002000038/20261001_508M60000100018,○
法律,昭和五十二年法律第九十四号,国際協定の締結等に伴う漁業離職者に関する臨時措置法,こくさいきょうていのていけつとうにともなうぎょぎょうりしょくしゃにかんするりんじそちほう,,昭和五十二年十二月二十六日,駐留軍関係離職者等臨時措置法及び国際協定の締結等に伴う漁業離職者に関する臨時措置法の一部を改正する法律,令和五年法律第八号,令和五年三月三十一日,令和五年三月三十一日,,352AC1000000094,https://laws.e-gov.go.jp/law/352AC1000000094/20230331_505AC0000000008,
法律,昭和五十二年法律第九十六号,船員の雇用の促進に関する特別措置法,せんいんのこようのそくしんにかんするとくべつそちほう,,昭和五十二年十二月二十六日,船員法等の一部を改正する法律,令和七年法律第三十二号,令和七年五月十四日,令和八年五月十三日,,352AC1000000096,https://laws.e-gov.go.jp/law/352AC1000000096/20260513_507AC0000000032,
法律,昭和五十二年法律第九十六号,船員の雇用の促進に関する特別措置法,せんいんのこようのそくしんにかんするとくべつそちほう,,昭和五十二年十二月二十六日,労働施策の総合的な推進並びに労働者の雇用の安定及び職業生活の充実等に関する法律等の一部を改正する法律,令和七年法律第六十三号,令和七年六月十一日,令和八年十月一日,,352AC1000000096,https://laws.e-gov.go.jp/law/352AC1000000096/20261001_507AC0000000063,○
政令,昭和五十二年政令第三十三号,労働者災害補償保険法施行令,ろうどうしゃさいがいほしょうほけんほうしこうれい,,昭和五十二年三月二十三日,雇用保険法等の一部を改正する法律の一部の施行に伴う関係政令の整備に関する政令,令和二年政令第二百十九号,令和二年七月八日,令和二年九月一日,,352CO0000000033,https://laws.e-gov.go.jp/law/352CO0000000033/20200901_502CO0000000219,
政令,昭和五十二年政令第三百二十九号,国際協定の締結等に伴う漁業離職者に関する臨時措置法施行令,こくさいきょうていのていけつとうにともなうぎょぎょうりしょくしゃにかんするりんじそちほうせこうれい,,昭和五十二年十二月二十六日,漁業法等の一部を改正する等の法律の施行に伴う関係政令の整備及び経過措置に関する政令,令和二年政令第二百十七号,令和二年七月八日,令和二年十二月一日,,352CO0000000329,https://laws.e-gov.go.jp/law/352CO0000000329/20201201_502CO0000000217,
府省令,昭和五十二年運輸省令第三十九号,船員となろうとする者に関する国際協定の締結等に伴う漁業離職者に関する臨時措置法施行規則,せんいんとなろうとするものにかんするこくさいきょうていのていけつとうにともなうぎょぎょうりしょくしゃにかんするりんじそちほうしこうきそく,,昭和五十二年十二月二十六日,船員となろうとする者に関する国際協定の締結等に伴う漁業離職者に関する臨時措置法施行規則の一部を改正する省令,令和五年国土交通省令第四十九号,令和五年六月二十八日,令和五年六月二十八日,,352M50000800039,https://laws.e-gov.go.jp/law/352M50000800039/20230628_505M60000800049,
府省令,昭和五十二年運輸省令第四十号,船員の雇用の促進に関する特別措置法第三条第一項の就職促進給付金の臨時特例に関する省令,せんいんのこようのそくしんにかんするとくべつそちほうだいさんじょうだいいっこうのしゅうしょくそくしんきゅうふきんのりんじとくれいにかんするしょうれい,,昭和五十二年十二月二十六日,,平成十二年運輸省令第三十九号,平成十二年十一月二十九日,平成十三年一月六日,,352M50000800040,https://laws.e-gov.go.jp/law/352M50000800040/20010106_412M50000800039,
府省令,昭和五十二年労働省令第三十号,国際協定の締結等に伴う漁業離職者に関する臨時措置法施行規則,こくさいきょうていのていけつとうにともなうぎょぎょうりしょくしゃにかんするりんじそちほうしこうきそく,,昭和五十二年十二月二十六日,国際協定の締結等に伴う漁業離職者に関する臨時措置法施行規則の一部を改正する省令,令和五年厚生労働省令第七十六号,令和五年五月十八日,令和五年五月十八日,,352M50002000030,https://laws.e-gov.go.jp/law/352M50002000030/20230518_505M60000100076,
府省令,昭和五十四年労働省令第十八号,粉じん障害防止規則,ふんじんしょうがいぼうしきそく,,昭和五十四年四月二十五日,労働安全衛生法及び作業環境測定法の一部を改正する法律の一部の施行に伴う関係省令の整備等に関する省令,令和八年厚生労働省令第三号,令和八年一月二十日,令和八年四月一日,,354M50002000018,https://laws.e-gov.go.jp/law/354M50002000018/20260401_508M60000100003,
府省令,昭和五十四年労働省令第十八号,粉じん障害防止規則,ふんじんしょうがいぼうしきそく,,昭和五十四年四月二十五日,有機溶剤中毒予防規則等の一部を改正する省令,令和六年厚生労働省令第四十四号,令和六年三月十八日,令和八年十月一日,,354M50002000018,https://laws.e-gov.go.jp/law/354M50002000018/20261001_506M60000100044,○
府省令,昭和五十四年労働省令第十八号,粉じん障害防止規則,ふんじんしょうがいぼうしきそく,,昭和五十四年四月二十五日,労働安全衛生法及び作業環境測定法の一部を改正する法律の一部の施行に伴う関係省令の整備等に関する省令,令和八年厚生労働省令第二十九号,令和八年三月二十三日,令和九年四月一日,,354M50002000018,https://laws.e-gov.go.jp/law/354M50002000018/20270401_508M60000100029,○
府省令,昭和五十七年労働省令第三十六号,調理に係る技能検定の受検資格等の特例に関する省令,ちょうりにかかるぎのうけんていのじゅけんしかくとうのとくれいにかんするしょうれい,,昭和五十七年十一月六日,職業能力開発促進法施行規則等の一部を改正する省令,平成二十九年厚生労働省令第五十七号,平成二十九年四月七日,平成二十九年十一月一日,,357M50002000036,https://laws.e-gov.go.jp/law/357M50002000036/20171101_429M60000100057,
府省令,昭和五十八年労働省令第二十五号,労働安全衛生法に基づく製造時等検査及び型式検定の手数料の加算額の計算に関する省令,ろうどうあんぜんえいせいほうにもとづくせいぞうじとうけんさおよびかたしきけんていのてすうりょうのかさんがくのけいさんにかんするしょうれい,,昭和五十八年七月三十日,労働安全衛生法及び作業環境測定法の一部を改正する法律の一部の施行に伴う関係省令の整備等に関する省令,令和八年厚生労働省令第三号,令和八年一月二十日,令和八年四月一日,,358M50002000025,https://laws.e-gov.go.jp/law/358M50002000025/20260401_508M60000100003,
政令,昭和五十九年政令第百七十九号,最低賃金法第三十五条第二項の地方運輸局を定める政令,さいていちんぎんほうだいさんじゅうごじょうだいにこうのちほううんゆきょくをさだめるせいれい,,昭和五十九年六月六日,,平成二十年政令第百五十一号,平成二十年四月二十五日,平成二十年七月一日,,359CO0000000179,https://laws.e-gov.go.jp/law/359CO0000000179/20080701_420CO0000000151,
法律,昭和六十年法律第八十八号,労働者派遣事業の適正な運営の確保及び派遣労働者の保護等に関する法律,ろうどうしゃはけんじぎょうのてきせいなうんえいのかくほおよびはけんろうどうしゃのほごとうにかんするほうりつ,,昭和六十年七月五日,労働施策の総合的な推進並びに労働者の雇用の安定及び職業生活の充実等に関する法律等の一部を改正する法律,令和七年法律第六十三号,令和七年六月十一日,令和八年四月一日,,360AC0000000088,https://laws.e-gov.go.jp/law/360AC0000000088/20260401_507AC0000000063,
法律,昭和六十年法律第八十八号,労働者派遣事業の適正な運営の確保及び派遣労働者の保護等に関する法律,ろうどうしゃはけんじぎょうのてきせいなうんえいのかくほおよびはけんろうどうしゃのほごとうにかんするほうりつ,,昭和六十年七月五日,労働安全衛生法及び作業環境測定法の一部を改正する法律,令和七年法律第三十三号,令和七年五月十四日,令和八年十月一日,,360AC0000000088,https://laws.e-gov.go.jp/law/360AC0000000088/20261001_507AC0000000033,○
法律,昭和六十年法律第八十八号,労働者派遣事業の適正な運営の確保及び派遣労働者の保護等に関する法律,ろうどうしゃはけんじぎょうのてきせいなうんえいのかくほおよびはけんろうどうしゃのほごとうにかんするほうりつ,,昭和六十年七月五日,労働施策の総合的な推進並びに労働者の雇用の安定及び職業生活の充実等に関する法律等の一部を改正する法律,令和七年法律第六十三号,令和七年六月十一日,令和八年十月一日,,360AC0000000088,https://laws.e-gov.go.jp/law/360AC0000000088/20261001_507AC0000000063,○
法律,昭和六十年法律第八十八号,労働者派遣事業の適正な運営の確保及び派遣労働者の保護等に関する法律,ろうどうしゃはけんじぎょうのてきせいなうんえいのかくほおよびはけんろうどうしゃのほごとうにかんするほうりつ,,昭和六十年七月五日,労働安全衛生法及び作業環境測定法の一部を改正する法律,令和七年法律第三十三号,令和七年五月十四日,令和九年一月一日,,360AC0000000088,https://laws.e-gov.go.jp/law/360AC0000000088/20270101_507AC0000000033,○
法律,昭和六十年法律第八十八号,労働者派遣事業の適正な運営の確保及び派遣労働者の保護等に関する法律,ろうどうしゃはけんじぎょうのてきせいなうんえいのかくほおよびはけんろうどうしゃのほごとうにかんするほうりつ,,昭和六十年七月五日,労働安全衛生法及び作業環境測定法の一部を改正する法律,令和七年法律第三十三号,令和七年五月十四日,令和九年四月一日,,360AC0000000088,https://laws.e-gov.go.jp/law/360AC0000000088/20270401_507AC0000000033,○
政令,昭和六十一年政令第九十五号,労働者派遣事業の適正な運営の確保及び派遣労働者の保護等に関する法律施行令,ろうどうしゃはけんじぎょうのてきせいなうんえいのかくほおよびはけんろうどうしゃのほごとうにかんするほうりつしこうれい,,昭和六十一年四月三日,医療法施行令等の一部を改正する政令,令和八年政令第六十六号,令和八年三月二十七日,令和八年四月一日,,361CO0000000095,https://laws.e-gov.go.jp/law/361CO0000000095/20260401_508CO0000000066,
政令,昭和六十一年政令第九十五号,労働者派遣事業の適正な運営の確保及び派遣労働者の保護等に関する法律施行令,ろうどうしゃはけんじぎょうのてきせいなうんえいのかくほおよびはけんろうどうしゃのほごとうにかんするほうりつしこうれい,,昭和六十一年四月三日,出入国管理及び難民認定法及び外国人の技能実習の適正な実施及び技能実習生の保護に関する法律の一部を改正する法律の施行に伴う関係政令の整備及び経過措置に関する政令,令和七年政令第三百四十一号,令和七年十月一日,令和九年四月一日,,361CO0000000095,https://laws.e-gov.go.jp/law/361CO0000000095/20270401_507CO0000000341,○
政令,昭和六十一年政令第九十五号,労働者派遣事業の適正な運営の確保及び派遣労働者の保護等に関する法律施行令,ろうどうしゃはけんじぎょうのてきせいなうんえいのかくほおよびはけんろうどうしゃのほごとうにかんするほうりつしこうれい,,昭和六十一年四月三日,労働安全衛生法及び作業環境測定法の一部を改正する法律の一部の施行に伴う関係政令の整理等に関する政令,令和八年政令第四十号,令和八年三月十八日,令和九年四月一日,,361CO0000000095,https://laws.e-gov.go.jp/law/361CO0000000095/20270401_508CO0000000040,○
府省令,昭和六十一年運輸省令第一号,船員に関する雇用の分野における男女の均等な機会及び待遇の確保等に関する法律施行規則,せんいんにかんするこようのぶんやにおけるだんじょのきんとうなきかいおよびたいぐうのかくほとうにかんするほうりつしこうきそく,,昭和六十一年三月十八日,海事産業の基盤強化のための海上運送法等の一部を改正する法律の施行に伴う国土交通省関係省令の整備等に関する省令,令和四年国土交通省令第二号,令和四年一月七日,令和四年四月一日,,361M50000800001,https://laws.e-gov.go.jp/law/361M50000800001/20220401_504M60000800002,
府省令,昭和六十一年労働省令第二号,雇用の分野における男女の均等な機会及び待遇の確保等に関する法律施行規則,こようのぶんやにおけるだんじょのきんとうなきかいおよびたいぐうのかくほとうにかんするほうりつしこうきそく,,昭和六十一年一月二十七日,厚生労働省組織規則等の一部を改正する省令,令和五年厚生労働省令第四十三号,令和五年三月三十日,令和五年四月一日,,361M50002000002,https://laws.e-gov.go.jp/law/361M50002000002/20230401_505M60000100043,
府省令,昭和六十一年労働省令第二号,雇用の分野における男女の均等な機会及び待遇の確保等に関する法律施行規則,こようのぶんやにおけるだんじょのきんとうなきかいおよびたいぐうのかくほとうにかんするほうりつしこうきそく,,昭和六十一年一月二十七日,労働施策の総合的な推進並びに労働者の雇用の安定及び職業生活の充実等に関する法律等の一部を改正する法律の施行に伴う厚生労働省関係省令の整備に関する省令,令和八年厚生労働省令第十八号,令和八年二月二十六日,令和八年十月一日,,361M50002000002,https://laws.e-gov.go.jp/law/361M50002000002/20261001_508M60000100018,○
府省令,昭和六十一年労働省令第三号,女性労働基準規則,じょせいろうどうきじゅんきそく,,昭和六十一年一月二十七日,元号の表記の整理のための厚生労働省関係省令の一部を改正する省令,令和元年厚生労働省令第一号,令和元年五月七日,令和元年五月七日,,361M50002000003,https://laws.e-gov.go.jp/law/361M50002000003/20190507_501M60000100001,
府省令,昭和六十一年労働省令第二十号,労働者派遣事業の適正な運営の確保及び派遣労働者の保護等に関する法律施行規則,ろうどうしゃはけんじぎょうのてきせいなうんえいのかくほおよびはけんろうどうしゃのほごとうにかんするほうりつしこうきそく,,昭和六十一年四月十七日,じん肺法施行規則等の一部を改正する省令,令和六年厚生労働省令第四十五号,令和六年三月十八日,令和七年一月一日,,361M50002000020,https://laws.e-gov.go.jp/law/361M50002000020/20250101_506M60000100045,
府省令,昭和六十一年労働省令第二十号,労働者派遣事業の適正な運営の確保及び派遣労働者の保護等に関する法律施行規則,ろうどうしゃはけんじぎょうのてきせいなうんえいのかくほおよびはけんろうどうしゃのほごとうにかんするほうりつしこうきそく,,昭和六十一年四月十七日,労働施策の総合的な推進並びに労働者の雇用の安定及び職業生活の充実等に関する法律等の一部を改正する法律の施行に伴う厚生労働省関係省令の整備に関する省令,令和八年厚生労働省令第十八号,令和八年二月二十六日,令和八年十月一日,,361M50002000020,https://laws.e-gov.go.jp/law/361M50002000020/20261001_508M60000100018,○
府省令,昭和六十一年労働省令第二十号,労働者派遣事業の適正な運営の確保及び派遣労働者の保護等に関する法律施行規則,ろうどうしゃはけんじぎょうのてきせいなうんえいのかくほおよびはけんろうどうしゃのほごとうにかんするほうりつしこうきそく,,昭和六十一年四月十七日,労働者派遣事業の適正な運営の確保及び派遣労働者の保護等に関する法律施行規則及び短時間労働者及び有期雇用労働者の雇用管理の改善等に関する法律施行規則の一部を改正する省令,令和八年厚生労働省令第八十七号,令和八年四月二十八日,令和八年十月一日,,361M50002000020,https://laws.e-gov.go.jp/law/361M50002000020/20261001_508M60000100087,○
府省令,昭和六十一年労働省令第二十号,労働者派遣事業の適正な運営の確保及び派遣労働者の保護等に関する法律施行規則,ろうどうしゃはけんじぎょうのてきせいなうんえいのかくほおよびはけんろうどうしゃのほごとうにかんするほうりつしこうきそく,,昭和六十一年四月十七日,労働安全衛生規則及び労働者派遣事業の適正な運営の確保及び派遣労働者の保護等に関する法律施行規則の一部を改正する省令,令和七年厚生労働省令第百二十号,令和七年十二月九日,令和九年一月一日,,361M50002000020,https://laws.e-gov.go.jp/law/361M50002000020/20270101_507M60000100120,○
府省令,昭和六十一年労働省令第二十号,労働者派遣事業の適正な運営の確保及び派遣労働者の保護等に関する法律施行規則,ろうどうしゃはけんじぎょうのてきせいなうんえいのかくほおよびはけんろうどうしゃのほごとうにかんするほうりつしこうきそく,,昭和六十一年四月十七日,労働安全衛生法及び作業環境測定法の一部を改正する法律の一部の施行に伴う関係省令の整備等に関する省令,令和八年厚生労働省令第二十九号,令和八年三月二十三日,令和九年四月一日,,361M50002000020,https://laws.e-gov.go.jp/law/361M50002000020/20270401_508M60000100029,○
法律,昭和六十二年法律第二十三号,地域雇用開発促進法,ちいきこようかいはつそくしんほう,,昭和六十二年三月三十一日,刑法等の一部を改正する法律の施行に伴う関係法律の整理等に関する法律,令和四年法律第六十八号,令和四年六月十七日,令和七年六月一日,,362AC0000000023,https://laws.e-gov.go.jp/law/362AC0000000023/20250601_504AC0000000068,
法律,昭和六十三年法律第四十号,港湾労働法,こうわんろうどうほう,,昭和六十三年五月十七日,刑法等の一部を改正する法律の施行に伴う関係法律の整理等に関する法律,令和四年法律第六十八号,令和四年六月十七日,令和七年六月一日,,363AC0000000040,https://laws.e-gov.go.jp/law/363AC0000000040/20250601_504AC0000000068,
政令,昭和六十三年政令第三百三十五号,港湾労働法施行令,こうわんろうどうほうしこうれい,,昭和六十三年十二月十三日,雇用保険法等の一部を改正する法律の一部の施行に伴う関係政令の整備に関する政令,平成二十九年政令第百七十六号,平成二十九年六月三十日,平成三十年一月一日,,363CO0000000335,https://laws.e-gov.go.jp/law/363CO0000000335/20180101_429CO0000000176,
政令,昭和六十三年政令第三百三十五号,港湾労働法施行令,こうわんろうどうほうしこうれい,,昭和六十三年十二月十三日,出入国管理及び難民認定法及び外国人の技能実習の適正な実施及び技能実習生の保護に関する法律の一部を改正する法律の施行に伴う関係政令の整備及び経過措置に関する政令,令和七年政令第三百四十一号,令和七年十月一日,令和九年四月一日,,363CO0000000335,https://laws.e-gov.go.jp/law/363CO0000000335/20270401_507CO0000000341,○
府省令,昭和六十三年労働省令第三十五号,港湾労働法施行規則,こうわんろうどうほうせこうきそく,,昭和六十三年十二月十三日,労働安全衛生法及び作業環境測定法の一部を改正する法律の一部の施行に伴う関係省令の整備等に関する省令,令和八年厚生労働省令第三号,令和八年一月二十日,令和八年四月一日,,363M50002000035,https://laws.e-gov.go.jp/law/363M50002000035/20260401_508M60000100003,
政令,平成二年政令第二百四十九号,船員の雇用の促進に関する特別措置法施行令,せんいんのこようのそくしんにかんするとくべつそちほうせこうれい,,平成二年八月十七日,,平成二十五年政令第十号,平成二十五年一月二十三日,平成二十五年三月一日,,402CO0000000249,https://laws.e-gov.go.jp/law/402CO0000000249/20130301_425CO0000000010,
府省令,平成二年厚生省令第四十八号,船員の雇用の促進に関する特別措置法第十四条第五項の規定等による未払賃金の立替払事業に係る船員の立替払賃金の請求の手続等に関する省令等の規定の適用に関する省令,せんいんのこようのそくしんにかんするとくべつそちほうだいじゅうよんじょうだいごこうのきていとうによるみばらいちんぎんのたてかえばらいじぎょうにかかるせんいんのたてかえばらいちんぎんのせいきゅうのてつづきとうにかんするしょうれいとうのきていのてきようにかんするしょうれい,,平成二年八月十七日,,平成二十一年厚生労働省令第百六十八号,平成二十一年十二月二十八日,平成二十二年一月一日,,402M50000100048,https://laws.e-gov.go.jp/law/402M50000100048/20100101_421M60000100168,
府省令,平成二年運輸省令第二十六号,船員の雇用の促進に関する特別措置法施行規則,せんいんのこようのそくしんにかんするとくべつそちほうせこうきそく,,平成二年八月十七日,成年被後見人等の権利の制限に係る措置の適正化等を図るための関係法律の整備に関する法律等の施行に伴う国土交通省関係省令の整備等に関する省令,令和元年国土交通省令第三十四号,令和元年九月十三日,令和元年九月十四日,,402M50000800026,https://laws.e-gov.go.jp/law/402M50000800026/20190914_501M60000800034,
府省令,平成二年厚生省・運輸省令第一号,船員の雇用の促進に関する特別措置法第十四条第五項の規定による船員に係る未払賃金の額の確認等に関する省令の規定の適用についての技術的読替えに関する省令,せんいんのこようのそくしんにかんするとくべつそちほうだいじゅうよんじょうだいごこうのきていによるせんいんにかかるみばらいちんぎんのがくのかくにんとうにかんするしょうれいのきていのてきようについてのぎじゅつてきよみかえにかんするしょうれい,,平成二年八月十七日,,,平成二年八月十七日,平成二年八月二十日,,402M50000900001,https://laws.e-gov.go.jp/law/402M50000900001/19900820_000000000000000,
法律,平成三年法律第五十七号,中小企業における労働力の確保及び良好な雇用の機会の創出のための雇用管理の改善の促進に関する法律,ちゅうしょうきぎょうにおけるろうどうりょくのかくほおよびりょうこうなこようのきかいのそうしゅつのためのこようかんりのかいぜんのそくしんにかんするほうりつ,,平成三年五月二日,刑法等の一部を改正する法律の施行に伴う関係法律の整理等に関する法律,令和四年法律第六十八号,令和四年六月十七日,令和七年六月一日,,403AC0000000057,https://laws.e-gov.go.jp/law/403AC0000000057/20250601_504AC0000000068,
法律,平成三年法律第七十六号,育児休業、介護休業等育児又は家族介護を行う労働者の福祉に関する法律,いくじきゅうぎょうかいごきゅうぎょうとういくじまたはかぞくかいごをおこなうろうどうしゃのふくしにかんするほうりつ,,平成三年五月十五日,育児休業、介護休業等育児又は家族介護を行う労働者の福祉に関する法律及び次世代育成支援対策推進法の一部を改正する法律,令和六年法律第四十二号,令和六年五月三十一日,令和七年十月一日,,403AC0000000076,https://laws.e-gov.go.jp/law/403AC0000000076/20251001_506AC0000000042,
法律,平成三年法律第七十六号,育児休業、介護休業等育児又は家族介護を行う労働者の福祉に関する法律,いくじきゅうぎょうかいごきゅうぎょうとういくじまたはかぞくかいごをおこなうろうどうしゃのふくしにかんするほうりつ,,平成三年五月十五日,労働施策の総合的な推進並びに労働者の雇用の安定及び職業生活の充実等に関する法律等の一部を改正する法律,令和七年法律第六十三号,令和七年六月十一日,令和八年十月一日,,403AC0000000076,https://laws.e-gov.go.jp/law/403AC0000000076/20261001_507AC0000000063,○
政令,平成三年政令第二百四十四号,中小企業における労働力の確保及び良好な雇用の機会の創出のための雇用管理の改善の促進に関する法律施行令,ちゅうしょうきぎょうにおけるろうどうりょくのかくほおよびりょうこうなこようのきかいのそうしゅつのためのこようかんりのかいぜんのそくしんにかんするほうりつしこうれい,,平成三年七月二十六日,中小企業信用保険法施行令等の一部を改正する政令,令和六年政令第三十二号,令和六年二月十六日,令和六年三月十五日,,403CO0000000244,https://laws.e-gov.go.jp/law/403CO0000000244/20240315_506CO0000000032,
府省令,平成三年運輸省令第三十六号,船員に関する育児休業、介護休業等育児又は家族介護を行う労働者の福祉に関する法律施行規則,せんいんにかんするいくじきゅうぎょうかいごきゅうぎょうとういくじまたはかぞくかいごをおこなうろうどうしゃのふくしにかんするほうりつしこうきそく,,平成三年十一月十五日,船員に関する育児休業、介護休業等育児又は家族介護を行う労働者の福祉に関する法律施行規則の一部を改正する省令,令和七年国土交通省令第九十三号,令和七年九月二十六日,令和七年十月一日,,403M50000800036,https://laws.e-gov.go.jp/law/403M50000800036/20251001_507M60000800093,
府省令,平成三年労働省令第十七号,中小企業における労働力の確保及び良好な雇用の機会の創出のための雇用管理の改善の促進に関する法律に基づく委託募集に関する省令,ちゅうしょうきぎょうにおけるろうどうりょくのかくほおよびりょうこうなこようのきかいのそうしゅつのためのこようかんりのかいぜんのそくしんにかんするほうりつにもとづくいたくぼしゅうにかんするしょうれい,,平成三年七月三十一日,,平成十八年厚生労働省令第百六十五号,平成十八年九月二十日,平成十八年十月一日,,403M50002000017,https://laws.e-gov.go.jp/law/403M50002000017/20061001_418M60000100165,
府省令,平成三年労働省令第二十五号,育児休業、介護休業等育児又は家族介護を行う労働者の福祉に関する法律施行規則,いくじきゅうぎょうかいごきゅうぎょうとういくじまたはかぞくかいごをおこなうろうどうしゃのふくしにかんするほうりつしこうきそく,,平成三年十月十五日,育児休業、介護休業等育児又は家族介護を行う労働者の福祉に関する法律施行規則及び雇用保険法施行規則の一部を改正する省令,令和六年厚生労働省令第百二十五号,令和六年九月十一日,令和七年十月一日,,403M50002000025,https://laws.e-gov.go.jp/law/403M50002000025/20251001_506M60000100125,
府省令,平成三年労働省令第二十五号,育児休業、介護休業等育児又は家族介護を行う労働者の福祉に関する法律施行規則,いくじきゅうぎょうかいごきゅうぎょうとういくじまたはかぞくかいごをおこなうろうどうしゃのふくしにかんするほうりつしこうきそく,,平成三年十月十五日,労働施策の総合的な推進並びに労働者の雇用の安定及び職業生活の充実等に関する法律等の一部を改正する法律の施行に伴う厚生労働省関係省令の整備に関する省令,令和八年厚生労働省令第十八号,令和八年二月二十六日,令和八年十月一日,,403M50002000025,https://laws.e-gov.go.jp/law/403M50002000025/20261001_508M60000100018,○
府省令,平成三年通商産業省・労働省令第三号,中小企業における労働力の確保及び良好な雇用の機会の創出のための雇用管理の改善の促進に関する法律施行規則,ちゅうしょうきぎょうにおけるろうどうりょくのかくほおよびりょうこうなこようのきかいのそうしゅつのためのこようかんりのかいぜんのそくしんにかんするほうりつしこうきそく,,平成三年七月三十一日,,平成十八年厚生労働省令第百十六号,平成十八年四月二十八日,平成十八年五月一日,,403M50002400003,https://laws.e-gov.go.jp/law/403M50002400003/20060501_418M60000100116,
法律,平成四年法律第六十三号,介護労働者の雇用管理の改善等に関する法律,かいごろうどうしゃのこようかんりのかいぜんとうにかんするほうりつ,,平成四年五月二十七日,情報処理の高度化等に対処するための刑法等の一部を改正する法律,平成二十三年法律第七十四号,平成二十三年六月二十四日,平成二十三年七月十四日,,404AC0000000063,https://laws.e-gov.go.jp/law/404AC0000000063/20110714_423AC0000000074,
法律,平成四年法律第九十号,労働時間等の設定の改善に関する特別措置法,ろうどうじかんとうのせっていのかいぜんにかんするとくべつそちほう,,平成四年七月二日,雇用保険法等の一部を改正する法律,令和二年法律第十四号,令和二年三月三十一日,令和二年三月三十一日,,404AC0000000090,https://laws.e-gov.go.jp/law/404AC0000000090/20200331_502AC0000000014,
政令,平成四年政令第二百三十三号,介護労働者の雇用管理の改善等に関する法律施行令,かいごろうどうしゃのこようかんりのかいぜんとうにかんするほうりつしこうれい,,平成四年六月二十六日,,平成十五年政令第五百五十五号,平成十五年十二月二十五日,平成十六年三月一日,,404CO0000000233,https://laws.e-gov.go.jp/law/404CO0000000233/20040301_415CO0000000555,
政令,平成四年政令第二百九十号,労働時間等の設定の改善に関する特別措置法第八条から第十二条までに規定する厚生労働大臣の権限の一部の委任等に関する政令,ろうどうじかんとうのせっていのかいぜんにかんするとくべつそちほうだいはちじょうからだいじゅうにじょうまでにきていするこうせいろうどうだいじんのけんげんのいちぶのいにんとうにかんするせいれい,,平成四年八月二十八日,通訳案内士法及び旅行業法の一部を改正する法律の施行に伴う関係政令の整備に関する政令,平成二十九年政令第二百二十八号,平成二十九年八月十八日,平成三十年一月四日,,404CO0000000290,https://laws.e-gov.go.jp/law/404CO0000000290/20180104_429CO0000000228,
府省令,平成四年労働省令第十八号,介護労働者の雇用管理の改善等に関する法律施行規則,かいごろうどうしゃのこようかんりのかいぜんとうにかんするほうりつしこうきそく,,平成四年六月二十九日,障害者の日常生活及び社会生活を総合的に支援するための法律等の一部を改正する法律の一部の施行に伴う厚生労働省関係省令の整理に関する省令,令和六年厚生労働省令第十八号,令和六年一月二十五日,令和七年十月一日,,404M50002000018,https://laws.e-gov.go.jp/law/404M50002000018/20251001_506M60000100018,
府省令,平成四年労働省令第二十六号,労働時間等の設定の改善に関する特別措置法施行規則,ろうどうじかんとうのせっていのかいぜんにかんするとくべつそちほうしこうきそく,,平成四年八月二十八日,労働基準法施行規則及び労働時間等の設定の改善に関する特別措置法施行規則の一部を改正する省令,令和五年厚生労働省令第三十九号,令和五年三月三十日,令和六年四月一日,,404M50002000026,https://laws.e-gov.go.jp/law/404M50002000026/20240401_505M60000100039,
府省令,平成四年労働省・建設省令第一号,勤労者財産形成促進法施行令附則第五項の事項及び基準を定める省令,きんろうしゃざいさんけいせいそくしんほうしこうれいふそくだいごこうのじこうおよびきじゅんをさだめるしょうれい,,平成四年十二月十六日,,平成二十三年厚生労働省・国土交通省令第一号,平成二十三年六月十日,平成二十三年十月一日,,404M50006000001,https://laws.e-gov.go.jp/law/404M50006000001/20111001_423M60000900001,
法律,平成五年法律第七十六号,短時間労働者及び有期雇用労働者の雇用管理の改善等に関する法律,たんじかんろうどうしゃおよびゆうきこようろうどうしゃのこようかんりのかいぜんとうにかんするほうりつ,短時間労働者の雇用管理の改善等に関する法律,平成五年六月十八日,女性の職業生活における活躍の推進に関する法律等の一部を改正する法律,令和元年法律第二十四号,令和元年六月五日,令和二年六月一日,,405AC0000000076,https://laws.e-gov.go.jp/law/405AC0000000076/20200601_501AC0000000024,
法律,平成五年法律第七十六号,短時間労働者及び有期雇用労働者の雇用管理の改善等に関する法律,たんじかんろうどうしゃおよびゆうきこようろうどうしゃのこようかんりのかいぜんとうにかんするほうりつ,短時間労働者の雇用管理の改善等に関する法律,平成五年六月十八日,労働施策の総合的な推進並びに労働者の雇用の安定及び職業生活の充実等に関する法律等の一部を改正する法律,令和七年法律第六十三号,令和七年六月十一日,令和八年十月一日,,405AC0000000076,https://laws.e-gov.go.jp/law/405AC0000000076/20261001_507AC0000000063,○
府省令,平成五年労働省令第三十四号,短時間労働者及び有期雇用労働者の雇用管理の改善等に関する法律施行規則,たんじかんろうどうしゃおよびゆうきこようろうどうしゃのこようかんりのかいぜんとうにかんするほうりつしこうきそく,短時間労働者の雇用管理の改善等に関する法律施行規則,平成五年十一月十九日,働き方改革を推進するための関係法律の整備に関する法律の一部の施行に伴う厚生労働省関係省令の整備及び経過措置に関する省令,平成三十年厚生労働省令第百五十三号,平成三十年十二月二十八日,令和二年四月一日,,405M50002000034,https://laws.e-gov.go.jp/law/405M50002000034/20200401_430M60000100153,
府省令,平成五年労働省令第三十四号,短時間労働者及び有期雇用労働者の雇用管理の改善等に関する法律施行規則,たんじかんろうどうしゃおよびゆうきこようろうどうしゃのこようかんりのかいぜんとうにかんするほうりつしこうきそく,短時間労働者の雇用管理の改善等に関する法律施行規則,平成五年十一月十九日,労働施策の総合的な推進並びに労働者の雇用の安定及び職業生活の充実等に関する法律等の一部を改正する法律の施行に伴う厚生労働省関係省令の整備に関する省令,令和八年厚生労働省令第十八号,令和八年二月二十六日,令和八年十月一日,,405M50002000034,https://laws.e-gov.go.jp/law/405M50002000034/20261001_508M60000100018,○
府省令,平成五年労働省令第三十四号,短時間労働者及び有期雇用労働者の雇用管理の改善等に関する法律施行規則,たんじかんろうどうしゃおよびゆうきこようろうどうしゃのこようかんりのかいぜんとうにかんするほうりつしこうきそく,短時間労働者の雇用管理の改善等に関する法律施行規則,平成五年十一月十九日,労働者派遣事業の適正な運営の確保及び派遣労働者の保護等に関する法律施行規則及び短時間労働者及び有期雇用労働者の雇用管理の改善等に関する法律施行規則の一部を改正する省令,令和八年厚生労働省令第八十七号,令和八年四月二十八日,令和八年十月一日,,405M50002000034,https://laws.e-gov.go.jp/law/405M50002000034/20261001_508M60000100087,○
政令,平成六年政令第五号,労働基準法第三十七条第一項の時間外及び休日の割増賃金に係る率の最低限度を定める政令,ろうどうきじゅんほうだいさんじゅうななじょうだいいっこうのじかんがいおよびきゅうじつのわりましちんぎんにかかるりつのさいていげんどをさだめるせいれい,,平成六年一月四日,,平成十二年政令第三百九号,平成十二年六月七日,平成十三年一月六日,,406CO0000000005,https://laws.e-gov.go.jp/law/406CO0000000005/20010106_412CO0000000309,
法律,平成七年法律第百二十九号,高齢社会対策基本法,こうれいしゃかいたいさくきほんほう,,平成七年十一月十五日,防災庁設置法の施行に伴う関係法律の整備等に関する法律,令和八年法律第六十二号,令和八年七月十七日,令和八年七月十七日,,407AC0100000129,https://laws.e-gov.go.jp/law/407AC0100000129/20260717_508AC0000000062,
法律,平成七年法律第百二十九号,高齢社会対策基本法,こうれいしゃかいたいさくきほんほう,,平成七年十一月十五日,防災庁設置法の施行に伴う関係法律の整備等に関する法律,令和八年法律第六十二号,令和八年七月十七日,令和八年十二月三十一日,防災庁設置法（令和八年法律第六十一号）の施行の日,407AC0100000129,https://laws.e-gov.go.jp/law/407AC0100000129/20261231_508AC0000000062,○
政令,平成七年政令第四百九号,中小企業退職金共済法の一部を改正する法律の一部の施行に伴う経過措置に関する政令,ちゅうしょうきぎょうたいしょくきんきょうさいほうのいちぶをかいせいするほうりつのいちぶのせこうにともなうけいかそちにかんするせいれい,,平成七年十二月十三日,,,平成七年十二月十三日,平成八年四月一日,,407CO0000000409,https://laws.e-gov.go.jp/law/407CO0000000409/19960401_000000000000000,
政令,平成七年政令第四百十六号,高齢社会対策会議令,こうれいしゃかいたいさくかいぎれい,,平成七年十二月十五日,,平成十二年政令第三百三号,平成十二年六月七日,平成十三年一月六日,,407CO0000000416,https://laws.e-gov.go.jp/law/407CO0000000416/20010106_412CO0000000303,
府省令,平成七年労働省・建設省令第一号,勤労者財産形成促進法施行令附則第八項の住宅を定める省令,きんろうしゃざいさんけいせいそくしんほうしこうれいふそくだいはちこうのじゅうたくをさだめるしょうれい,,平成七年三月十七日,,平成九年労働省・建設省令第一号,平成九年四月一日,平成九年四月一日,,407M50006000001,https://laws.e-gov.go.jp/law/407M50006000001/19970401_409M50006000001,
府省令,平成九年運輸省令第二十号,船員に関する中小企業退職金共済法の一部を改正する法律の施行に関する省令,せんいんにかんするちゅうしょうきぎょうたいしょくきんきょうさいほうのいちぶをかいせいするほうりつのしこうにかんするしょうれい,,平成九年三月二十八日,,,平成九年三月二十八日,平成九年四月一日,,409M50000800020,https://laws.e-gov.go.jp/law/409M50000800020/19970401_000000000000000,
府省令,平成九年労働省令第十八号,中小企業退職金共済法の一部を改正する法律の施行に関する省令,ちゅうしょうきぎょうたいしょくきんきょうさいほうのいちぶをかいせいするほうりつのしこうにかんするしょうれい,,平成九年三月三十一日,,,平成九年三月三十一日,平成九年三月三十一日,,409M50002000018,https://laws.e-gov.go.jp/law/409M50002000018/19970331_000000000000000,
府省令,平成九年労働省令第三十号,中小企業退職金共済法施行令の一部を改正する政令の施行に伴う経過措置に関する省令,ちゅうしょうきぎょうたいしょくきんきょうさいほうしこうれいのいちぶをかいせいするせいれいのしこうにともなうけいかそちにかんするしょうれい,,平成九年八月十四日,,平成十年労働省令第十二号,平成十年三月二十五日,平成十年四月一日,,409M50002000030,https://laws.e-gov.go.jp/law/409M50002000030/19980401_410M50002000012,
政令,平成十一年政令第十五号,労働基準法の一部を改正する法律の施行に伴う年次有給休暇に関する経過措置に関する政令,ろうどうきじゅんほうのいちぶをかいせいするほうりつのしこうにともなうねんじゆうきゅうきゅうかにかんするけいかそちにかんするせいれい,,平成十一年一月二十九日,,,平成十一年一月二十九日,平成十一年四月一日,,411CO0000000015,https://laws.e-gov.go.jp/law/411CO0000000015/19990401_000000000000000,
政令,平成十一年政令第百三号,職業能力開発短期大学校に関する経過措置に関する政令,しょくぎょうのうりょくかいはつたんきだいがくこうにかんするけいかそちにかんするせいれい,,平成十一年三月三十一日,,,平成十一年三月三十一日,平成十一年四月一日,,411CO0000000103,https://laws.e-gov.go.jp/law/411CO0000000103/19990401_000000000000000,
政令,平成十一年政令第百五号,中小企業退職金共済法の一部を改正する法律の施行に伴う経過措置に関する政令,ちゅうしょうきぎょうたいしょくきんきょうさいほうのいちぶをかいせいするほうりつのしこうにともなうけいかそちにかんするせいれい,,平成十一年三月三十一日,,,平成十一年三月三十一日,平成十一年四月一日,,411CO0000000105,https://laws.e-gov.go.jp/law/411CO0000000105/19990401_000000000000000,
府省令,平成十一年労働省令第四十七号,中小企業基本法等の一部を改正する法律附則第十条第一項の退職金共済事業を行う団体等を定める省令,ちゅうしょうきぎょうきほんほうとうのいちぶをかいせいするほうりつふそくだいじゅうじょうだいいっこうのたいしょくきんきょうさいじぎょうをおこなうだんたいとうをさだめるしょうれい,,平成十一年十二月三日,,,平成十一年十二月三日,平成十一年十二月三日,,411M50002000047,https://laws.e-gov.go.jp/law/411M50002000047/19991203_000000000000000,
府省令,平成十一年労働省令第五十号,労働基準法の一部を改正する法律附則第六条第三項の職業及び日を定める省令,ろうどうきじゅんほうのいちぶをかいせいするほうりつふそくだいろくじょうだいさんこうのしょくぎょうおよびひをさだめるしょうれい,,平成十一年十二月二十七日,,平成十二年労働省令第四十一号,平成十二年十月三十一日,平成十三年一月六日,,411M50002000050,https://laws.e-gov.go.jp/law/411M50002000050/20010106_412M50002000041,
法律,平成十二年法律第百三号,会社分割に伴う労働契約の承継等に関する法律,かいしゃぶんかつにともなうろうどうけいやくのしょうけいとうにかんするほうりつ,,平成十二年五月三十一日,,平成二十六年法律第九十一号,平成二十六年六月二十七日,平成二十七年五月一日,,412AC0000000103,https://laws.e-gov.go.jp/law/412AC0000000103/20150501_426AC0000000091,
府省令,平成十二年労働省令第四十八号,会社分割に伴う労働契約の承継等に関する法律施行規則,かいしゃぶんかつにともなうろうどうけいやくのしょうけいとうにかんするほうりつしこうきそく,,平成十二年十二月二十七日,会社分割に伴う労働契約の承継等に関する法律施行規則の一部を改正する省令,令和三年厚生労働省令第五十号,令和三年三月十九日,令和三年四月一日,,412M50002000048,https://laws.e-gov.go.jp/law/412M50002000048/20210401_503M60000100050,
法律,平成十三年法律第百十二号,個別労働関係紛争の解決の促進に関する法律,こべつろうどうふんそうのかいけつのそくしんにかんするほうりつ,,平成十三年七月十一日,刑法等の一部を改正する法律の施行に伴う関係法律の整理等に関する法律,令和四年法律第六十八号,令和四年六月十七日,令和七年六月一日,,413AC0000000112,https://laws.e-gov.go.jp/law/413AC0000000112/20250601_504AC0000000068,
政令,平成十三年政令第三百十八号,家内労働法第四条第二項及び第八条第一項の審議会を定める政令,かないろうどうほうだいよんじょうだいにこうおよびだいはちじょうだいいっこうのしんぎかいをさだめるせいれい,,平成十三年九月二十七日,,,平成十三年九月二十七日,平成十三年十月一日,,413CO0000000318,https://laws.e-gov.go.jp/law/413CO0000000318/20011001_000000000000000,
政令,平成十三年政令第三百十九号,地域雇用開発促進法第五条第六項及び第六条第六項の審議会を定める政令,ちいきこようかいはつそくしんほうだいごじょうだいろっこうおよびだいろくじょうだいろっこうのしんぎかいをさだめるせいれい,,平成十三年九月二十七日,,平成二十三年政令第二百八十号,平成二十三年八月三十日,平成二十三年八月三十日,,413CO0000000319,https://laws.e-gov.go.jp/law/413CO0000000319/20110830_423CO0000000280,
府省令,平成十三年厚生労働省令第六十七号,労働安全衛生法第七十五条の二第一項に規定する指定試験機関の指定に関する省令,ろうどうあんぜんえいせいほうだいななじゅうごじょうのにだいいっこうにきていするしていしけんきかんのしていにかんするしょうれい,,平成十三年三月二十九日,,平成二十五年厚生労働省令第七十九号,平成二十五年六月十二日,平成二十五年六月十二日,,413M60000100067,https://laws.e-gov.go.jp/law/413M60000100067/20130612_425M60000100079,
府省令,平成十三年厚生労働省令第六十八号,労働安全衛生法第八十三条の二に規定する指定コンサルタント試験機関の指定に関する省令,ろうどうあんぜんえいせいほうだいはちじゅうさんじょうのににきていするしていこんさるたんとしけんきかんのしていにかんするしょうれい,,平成十三年三月二十九日,,平成二十五年厚生労働省令第七十九号,平成二十五年六月十二日,平成二十五年六月十二日,,413M60000100068,https://laws.e-gov.go.jp/law/413M60000100068/20130612_425M60000100079,
府省令,平成十三年厚生労働省令第六十九号,労働安全衛生法第八十五条の二第一項に規定する指定登録機関の指定に関する省令,ろうどうあんぜんえいせいほうだいはちじゅうごじょうのにだいいっこうにきていするしていとうろくきかんのしていにかんするしょうれい,,平成十三年三月二十九日,,平成二十五年厚生労働省令第七十九号,平成二十五年六月十二日,平成二十五年六月十二日,,413M60000100069,https://laws.e-gov.go.jp/law/413M60000100069/20130612_425M60000100079,
府省令,平成十三年厚生労働省令第七十号,作業環境測定法第二十条第二項に規定する指定試験機関の指定に関する省令,さぎょうかんきょうそくていほうだいにじゅうじょうだいにこうにきていするしていしけんきかんのしていにかんするしょうれい,,平成十三年三月二十九日,,平成二十五年厚生労働省令第七十九号,平成二十五年六月十二日,平成二十五年六月十二日,,413M60000100070,https://laws.e-gov.go.jp/law/413M60000100070/20130612_425M60000100079,
府省令,平成十三年厚生労働省令第七十二号,作業環境測定法第三十二条の二第二項に規定する指定登録機関の指定に関する省令,さぎょうかんきょうそくていほうだいさんじゅうにじょうのにだいにこうにきていするしていとうろくきかんのしていにかんするしょうれい,,平成十三年三月二十九日,,平成二十五年厚生労働省令第七十九号,平成二十五年六月十二日,平成二十五年六月十二日,,413M60000100072,https://laws.e-gov.go.jp/law/413M60000100072/20130612_425M60000100079,
府省令,平成十三年厚生労働省令第百九十一号,個別労働関係紛争の解決の促進に関する法律施行規則,こべつろうどうふんそうのかいけつのそくしんにかんするほうりつしこうきそく,,平成十三年九月十九日,厚生労働省組織規則等の一部を改正する省令,令和五年厚生労働省令第四十三号,令和五年三月三十日,令和五年四月一日,,413M60000100191,https://laws.e-gov.go.jp/law/413M60000100191/20230401_505M60000100043,
府省令,平成十三年厚生労働省令第百九十三号,地域雇用開発促進法施行規則,ちいきこようかいはつそくしんほうせこうきそく,,平成十三年九月二十七日,雇用保険法施行規則等の一部を改正する省令,平成三十一年厚生労働省令第五十七号,平成三十一年三月二十九日,平成三十一年四月一日,,413M60000100193,https://laws.e-gov.go.jp/law/413M60000100193/20190401_431M60000100057,
府省令,平成十三年国土交通省令第百二十九号,船員に関する個別労働関係紛争の解決の促進に関する法律施行規則,せんいんにかんするこべつろうどうかんけいふんそうのかいけつのそくしんにかんするほうりつせこうきそく,,平成十三年九月二十八日,押印を求める手続の見直し等のための国土交通省関係省令の一部を改正する省令,令和二年国土交通省令第九十八号,令和二年十二月二十三日,令和三年一月一日,,413M60000800129,https://laws.e-gov.go.jp/law/413M60000800129/20210101_502M60000800098,
政令,平成十四年政令第二百九十二号,中小企業退職金共済法の一部を改正する法律の施行に伴う経過措置に関する政令,ちゅうしょうきぎょうたいしょくきんきょうさいほうのいちぶをかいせいするほうりつのしこうにともなうけいかそちにかんするせいれい,,平成十四年九月四日,,,平成十四年九月四日,平成十四年十一月一日,,414CO0000000292,https://laws.e-gov.go.jp/law/414CO0000000292/20021101_000000000000000,
政令,平成十四年政令第二百九十五号,確定給付企業年金法附則第二十八条第二項の政令で定める額等を定める政令,かくていきゅうふきぎょうねんきんほうふそくだいにじゅうはちじょうだいにこうのせいれいでさだめるがくとうをさだめるせいれい,,平成十四年九月四日,,平成十六年政令第三百二十号,平成十六年十月二十日,平成十七年四月一日,,414CO0000000295,https://laws.e-gov.go.jp/law/414CO0000000295/20050401_416CO0000000320,
府省令,平成十四年厚生労働省令第一号,確定給付企業年金法附則第二十八条第一項の被共済者の持分を算定する方法等を定める省令,かくていきゅうふきぎょうねんきんほうふそくだいにじゅうはちじょうだいいちこうのひきょうさいしゃのとくぶんをさんていするほうほうとうをさだめるしょうれい,,平成十四年一月七日,,平成二十二年厚生労働省令第百十九号,平成二十二年十一月十二日,平成二十三年一月一日,,414M60000100001,https://laws.e-gov.go.jp/law/414M60000100001/20110101_422M60000100119,
府省令,平成十四年厚生労働省令第十五号,確定給付企業年金法附則第二十八条第二項の政令で定める額等を定める政令第一条第二号の金額を定める省令,かくていきゅうふきぎょうねんきんほうふそくだいにじゅうはちじょうだいにこうのせいれいでさだめるがくとうをさだめるせいれいだいいちじょうだいにごうのきんがくをさだめるしょうれい,,平成十四年二月二十五日,,平成十七年厚生労働省令第二号,平成十七年一月十四日,平成十七年四月一日,,414M60000100015,https://laws.e-gov.go.jp/law/414M60000100015/20050401_417M60000100002,
府省令,平成十四年厚生労働省令第五十四号,沖縄振興特別措置法に基づく就職指導等に関する省令,おきなわしんこうとくべつそちほうにもとづくしゅうしょくしどうとうにかんするしょうれい,,平成十四年三月三十一日,沖縄振興特別措置法等の一部を改正する法律の施行に伴う厚生労働省関係省令の整理に関する省令,令和四年厚生労働省令第七十四号,令和四年四月一日,令和四年四月一日,,414M60000100054,https://laws.e-gov.go.jp/law/414M60000100054/20220401_504M60000100074,
府省令,平成十四年厚生労働省令第七十七号,職業能力開発促進法第四十七条第一項に規定する指定試験機関の指定に関する省令,しょくぎょうのうりょくかいはつそくしんほうだいよんじゅうななじょうだいいっこうにきていするしていしけんきかんのしていにかんするしょうれい,,平成十四年六月十一日,職業能力開発促進法施行規則及び職業能力開発促進法第四十七条第一項に規定する指定試験機関の指定に関する省令の一部を改正する省令,令和七年厚生労働省令第七号,令和七年二月四日,令和七年二月四日,,414M60000100077,https://laws.e-gov.go.jp/law/414M60000100077/20250204_507M60000100007,
府省令,平成十五年法務省・厚生労働省令第二号,有料職業紹介事業保証金規則の廃止等に関する省令,ゆうりょうしょくぎょうしょうかいじぎょうほしょうきんきそくのはいしとうにかんするしょうれい,,平成十五年十二月二十五日,有料職業紹介事業保証金規則の廃止等に関する省令の一部を改正する省令,令和二年法務省・厚生労働省令第十号,令和二年十二月二十五日,令和二年十二月二十五日,,415M60000110002,https://laws.e-gov.go.jp/law/415M60000110002/20201225_502M60000110010,
法律,平成十六年法律第百二十二号,公益通報者保護法,こうえきつうほうしゃほごほう,,平成十六年六月十八日,防災庁設置法の施行に伴う関係法律の整備等に関する法律,令和八年法律第六十二号,令和八年七月十七日,令和八年七月十七日,,416AC0000000122,https://laws.e-gov.go.jp/law/416AC0000000122/20260717_508AC0000000062,
法律,平成十六年法律第百二十二号,公益通報者保護法,こうえきつうほうしゃほごほう,,平成十六年六月十八日,公益通報者保護法の一部を改正する法律,令和七年法律第六十二号,令和七年六月十一日,令和八年十二月一日,,416AC0000000122,https://laws.e-gov.go.jp/law/416AC0000000122/20261201_507AC0000000062,○
法律,平成十六年法律第百二十二号,公益通報者保護法,こうえきつうほうしゃほごほう,,平成十六年六月十八日,防災庁設置法の施行に伴う関係法律の整備等に関する法律,令和八年法律第六十二号,令和八年七月十七日,令和八年十二月三十一日,防災庁設置法（令和八年法律第六十一号）の施行の日,416AC0000000122,https://laws.e-gov.go.jp/law/416AC0000000122/20261231_508AC0000000062,○
政令,平成十六年政令第三百六十九号,船員職業安定法施行令,せんいんしょくぎょうあんていほうしこうれい,,平成十六年十一月二十五日,船員法等の一部を改正する法律の施行に伴う関係政令の整備に関する政令,令和八年政令第百四十四号,令和八年四月二十二日,令和八年五月十三日,,416CO0000000369,https://laws.e-gov.go.jp/law/416CO0000000369/20260513_508CO0000000144,
政令,平成十六年政令第三百六十九号,船員職業安定法施行令,せんいんしょくぎょうあんていほうしこうれい,,平成十六年十一月二十五日,労働施策の総合的な推進並びに労働者の雇用の安定及び職業生活の充実等に関する法律等の一部を改正する法律の施行に伴う関係政令の整備に関する政令,令和八年政令第百八十一号,令和八年五月二十七日,令和八年十月一日,,416CO0000000369,https://laws.e-gov.go.jp/law/416CO0000000369/20261001_508CO0000000181,○
政令,平成十六年政令第三百六十九号,船員職業安定法施行令,せんいんしょくぎょうあんていほうしこうれい,,平成十六年十一月二十五日,出入国管理及び難民認定法及び外国人の技能実習の適正な実施及び技能実習生の保護に関する法律の一部を改正する法律の施行に伴う関係政令の整備及び経過措置に関する政令,令和七年政令第三百四十一号,令和七年十月一日,令和九年四月一日,,416CO0000000369,https://laws.e-gov.go.jp/law/416CO0000000369/20270401_507CO0000000341,○
政令,平成十六年政令第三百七十四号,個別労働関係紛争の解決の促進に関する法律第七条第一項の人数を定める政令,こべつろうどうかんけいふんそうのかいけつのそくしんにかんするほうりつだいななじょうだいいっこうのにんずうをさだめるせいれい,,平成十六年十二月一日,,平成二十二年政令第百号,平成二十二年四月一日,平成二十二年四月一日,,416CO0000000374,https://laws.e-gov.go.jp/law/416CO0000000374/20100401_422CO0000000100,
政令,平成十七年政令第百四十六号,公益通報者保護法別表第八号の法律を定める政令,こうえきつうほうしゃほごほうべっぴょうだいはちごうのほうりつをさだめるせいれい,,平成十七年四月一日,公益通報者保護法別表第八号の法律を定める政令の一部を改正する政令,令和八年政令第五号,令和八年一月二十三日,令和八年六月一日,,417CO0000000146,https://laws.e-gov.go.jp/law/417CO0000000146/20260601_508CO0000000005,
政令,平成十七年政令第百四十六号,公益通報者保護法別表第八号の法律を定める政令,こうえきつうほうしゃほごほうべっぴょうだいはちごうのほうりつをさだめるせいれい,,平成十七年四月一日,公益通報者保護法別表第八号の法律を定める政令の一部を改正する政令,令和八年政令第百八十四号,令和八年五月二十九日,令和八年十月一日,,417CO0000000146,https://laws.e-gov.go.jp/law/417CO0000000146/20261001_508CO0000000184,○
政令,平成十七年政令第百四十六号,公益通報者保護法別表第八号の法律を定める政令,こうえきつうほうしゃほごほうべっぴょうだいはちごうのほうりつをさだめるせいれい,,平成十七年四月一日,円滑な事業再生を図るための事業者の金融機関等に対する債務の調整の手続等に関する法律の施行に伴う関係政令の整備に関する政令,令和八年政令第百九十一号,令和八年六月三日,令和八年十二月十一日,,417CO0000000146,https://laws.e-gov.go.jp/law/417CO0000000146/20261211_508CO0000000191,○
政令,平成十七年政令第百四十六号,公益通報者保護法別表第八号の法律を定める政令,こうえきつうほうしゃほごほうべっぴょうだいはちごうのほうりつをさだめるせいれい,,平成十七年四月一日,出入国管理及び難民認定法及び外国人の技能実習の適正な実施及び技能実習生の保護に関する法律の一部を改正する法律の施行に伴う関係政令の整備及び経過措置に関する政令,令和七年政令第三百四十一号,令和七年十月一日,令和九年四月一日,,417CO0000000146,https://laws.e-gov.go.jp/law/417CO0000000146/20270401_507CO0000000341,○
政令,平成十七年政令第三百十四号,建設労働者の雇用の改善等に関する法律施行令,けんせつろうどうしゃのこようのかいぜんとうにかんするほうりつせこうれい,,平成十七年九月三十日,雇用保険法等の一部を改正する法律の一部の施行に伴う関係政令の整備に関する政令,平成二十九年政令第百七十六号,平成二十九年六月三十日,平成三十年一月一日,,417CO0000000314,https://laws.e-gov.go.jp/law/417CO0000000314/20180101_429CO0000000176,
政令,平成十七年政令第三百十四号,建設労働者の雇用の改善等に関する法律施行令,けんせつろうどうしゃのこようのかいぜんとうにかんするほうりつせこうれい,,平成十七年九月三十日,出入国管理及び難民認定法及び外国人の技能実習の適正な実施及び技能実習生の保護に関する法律の一部を改正する法律の施行に伴う関係政令の整備及び経過措置に関する政令,令和七年政令第三百四十一号,令和七年十月一日,令和九年四月一日,,417CO0000000314,https://laws.e-gov.go.jp/law/417CO0000000314/20270401_507CO0000000341,○
府省令,平成十七年厚生労働省令第十九号,船員職業安定法第九十二条第四項の規定等による未払賃金の立替払事業に係る船員の立替払賃金の請求の手続等に関する省令等の規定の適用に関する省令,せんいんしょくぎょうあんていほうだいきゅうじゅうにじょうだいよんこうのきていとうによるみばらいちんぎんのたてかえばらいじぎょうにかかるせんいんのたてかえばらいちんぎんのせいきゅうのてつづきとうにかんするしょうれいとうのきていのてきようにかんするしょうれい,,平成十七年二月二十一日,,平成二十一年厚生労働省令第百六十八号,平成二十一年十二月二十八日,平成二十二年一月一日,,417M60000100019,https://laws.e-gov.go.jp/law/417M60000100019/20100101_421M60000100168,
府省令,平成十七年厚生労働省令第二十一号,石綿障害予防規則,いしわたしょうがいよぼうきそく,,平成十七年二月二十四日,労働安全衛生法及び作業環境測定法の一部を改正する法律の一部の施行に伴う関係省令の整備等に関する省令,令和八年厚生労働省令第三号,令和八年一月二十日,令和八年四月一日,,417M60000100021,https://laws.e-gov.go.jp/law/417M60000100021/20260401_508M60000100003,
府省令,平成十七年厚生労働省令第二十一号,石綿障害予防規則,いしわたしょうがいよぼうきそく,,平成十七年二月二十四日,労働安全衛生法及び作業環境測定法の一部を改正する法律の一部の施行に伴う関係省令の整備等に関する省令,令和八年厚生労働省令第二十九号,令和八年三月二十三日,令和九年四月一日,,417M60000100021,https://laws.e-gov.go.jp/law/417M60000100021/20270401_508M60000100029,○
府省令,平成十七年厚生労働省・国土交通省令第一号,船員職業安定法第九十二条第四項の規定による船員に係る未払賃金の額の確認等に関する省令の規定の適用についての技術的読替えに関する省令,せんいんしょくぎょうあんていほうだいきゅうじゅうにじょうだいよんこうのきていによるせんいんにかかるみばらいちんぎんのがくのかくにんとうにかんするしょうれいのきていのてきようについてのぎじゅつてきよみかえにかんするしょうれい,,平成十七年二月二十一日,,,平成十七年二月二十一日,平成十七年四月一日,,417M60000900001,https://laws.e-gov.go.jp/law/417M60000900001/20050401_000000000000000,
政令,平成十八年政令第二号,労働安全衛生法等の一部を改正する法律の施行に伴う関係政令の整備及び経過措置に関する政令,ろうどうあんぜんえいせいほうとうのいちぶをかいせいするほうりつのしこうにともなうかんけいせいれいのせいびおよびけいかそちにかんするせいれい,,平成十八年一月五日,,,平成十八年一月五日,平成十八年四月一日,,418CO0000000002,https://laws.e-gov.go.jp/law/418CO0000000002/20060401_000000000000000,
府省令,平成十八年厚生労働省令第七十号,労働者派遣事業の適正な運営の確保及び派遣労働者の保護等に関する法律施行令第二条第二項の市町村を定める省令,ろうどうしゃはけんじぎょうのてきせいなうんえいのかくほおよびはけんろうどうしゃのほごとうにかんするほうりつしこうれいだいにじょうだいにこうのしちょうそんをさだめるしょうれい,,平成十八年三月三十一日,労働者派遣事業の適正な運営の確保及び派遣労働者の保護等に関する法律施行令第二条第二項の市町村を定める省令の一部を改正する省令,令和七年厚生労働省令第八十号,令和七年八月一日,令和七年九月一日,,418M60000100070,https://laws.e-gov.go.jp/law/418M60000100070/20250901_507M60000100080,
法律,平成十九年法律第百二十八号,労働契約法,ろうどうけいやくほう,,平成十九年十二月五日,働き方改革を推進するための関係法律の整備に関する法律,平成三十年法律第七十一号,平成三十年七月六日,令和二年四月一日,,419AC0000000128,https://laws.e-gov.go.jp/law/419AC0000000128/20200401_430AC0000000071,
府省令,平成十九年厚生労働省・国土交通省令第一号,勤労者財産形成促進法施行令第三十六条第二項及び第三項の基準を定める省令,きんろうしゃざいさんけいせいそくしんほうしこうれいだいさんじゅうろくじょうだいにこうおよびだいさんこうのきじゅんをさだめるしょうれい,,平成十九年三月三十一日,勤労者財産形成促進法施行令第三十六条第二項及び第三項の基準を定める省令の一部を改正する省令,令和六年厚生労働省・国土交通省令第一号,令和六年三月五日,令和六年四月一日,,419M60000900001,https://laws.e-gov.go.jp/law/419M60000900001/20240401_506M60000900001,
府省令,平成二十年厚生労働省令第百三十六号,平成二十年度における労働保険の概算保険料の延納に係る納期限の特例に関する省令,へいせいにじゅうねんどにおけるろうどうほけんのがいさんほけんりょうのえんのうにかかるのうきげんのとくれいにかんするしょうれい,,平成二十年八月二十九日,,,平成二十年八月二十九日,平成二十年八月二十九日,,420M60000100136,https://laws.e-gov.go.jp/law/420M60000100136/20080829_000000000000000,
府省令,平成二十年厚生労働省令第百七十七号,雇用保険法等の一部を改正する法律附則第二十六条第四項に規定する厚生労働省令で定める事項を定める省令,こようほけんほうとうのいちぶをかいせいするほうりつふそくだいにじゅうろくじょうだいよんこうにきていするこうせいろうどうしょうれいでさだめるじこうをさだめるしょうれい,,平成二十年十二月二十四日,,,平成二十年十二月二十四日,平成二十年十二月二十四日,,420M60000100177,https://laws.e-gov.go.jp/law/420M60000100177/20081224_000000000000000,
法律,平成二十三年法律第四十七号,職業訓練の実施等による特定求職者の就職の支援に関する法律,しょくぎょうくんれんのじっしとうによるとくていきゅうしょくしゃのしゅうしょくのしえんにかんするほうりつ,,平成二十三年五月二十日,刑法等の一部を改正する法律の施行に伴う関係法律の整理等に関する法律　抄,令和四年法律第六十八号,令和四年六月十七日,令和七年六月一日,,423AC0000000047,https://laws.e-gov.go.jp/law/423AC0000000047/20250601_504AC0000000068,
法律,平成二十三年法律第四十七号,職業訓練の実施等による特定求職者の就職の支援に関する法律,しょくぎょうくんれんのじっしとうによるとくていきゅうしょくしゃのしゅうしょくのしえんにかんするほうりつ,,平成二十三年五月二十日,雇用保険法等の一部を改正する法律,令和六年法律第二十六号,令和六年五月十七日,令和十年十月一日,,423AC0000000047,https://laws.e-gov.go.jp/law/423AC0000000047/20281001_506AC0000000026,○
府省令,平成二十三年厚生労働省令第五十四号,社会復帰促進等事業に要する費用に充てるべき額の特例に関する省令,しゃかいふっきそくしんとうじぎょうにようするひようにあてるべきがくのとくれいにかんするしょうれい,,平成二十三年四月二十八日,,,平成二十三年四月二十八日,平成二十三年四月二十八日,,423M60000100054,https://laws.e-gov.go.jp/law/423M60000100054/20110428_000000000000000,
府省令,平成二十三年厚生労働省令第九十三号,職業訓練の実施等による特定求職者の就職の支援に関する法律施行規則,しょくぎょうくんれんのじっしとうによるとくていきゅうしょくしゃのしゅうしょくのしえんにかんするほうりつしこうきそく,,平成二十三年七月二十五日,雇用保険法施行規則等の一部を改正する省令,令和八年厚生労働省令第七十四号,令和八年四月一日,令和八年四月一日,,423M60000100093,https://laws.e-gov.go.jp/law/423M60000100093/20260401_508M60000100074,
府省令,平成二十三年厚生労働省令第九十三号,職業訓練の実施等による特定求職者の就職の支援に関する法律施行規則,しょくぎょうくんれんのじっしとうによるとくていきゅうしょくしゃのしゅうしょくのしえんにかんするほうりつしこうきそく,,平成二十三年七月二十五日,職業訓練の実施等による特定求職者の就職の支援に関する法律施行規則の一部を改正する省令,令和八年厚生労働省令第七十八号,令和八年四月八日,令和八年十月一日,,423M60000100093,https://laws.e-gov.go.jp/law/423M60000100093/20261001_508M60000100078,○
府省令,平成二十三年厚生労働省令第百五十二号,東日本大震災により生じた放射性物質により汚染された土壌等を除染するための業務等に係る電離放射線障害防止規則,ひがしにほんだいしんさいによりしょうじたほうしゃせいぶっしつによりおせんされたどじょうとうをじょせんするためのぎょうむとうにかかるでんりほうしゃせんしょうがいぼうしきそく,,平成二十三年十二月二十二日,労働安全衛生法及び作業環境測定法の一部を改正する法律の一部の施行に伴う関係省令の整備等に関する省令,令和八年厚生労働省令第三号,令和八年一月二十日,令和八年四月一日,,423M60000100152,https://laws.e-gov.go.jp/law/423M60000100152/20260401_508M60000100003,
府省令,平成二十三年厚生労働省令第百五十二号,東日本大震災により生じた放射性物質により汚染された土壌等を除染するための業務等に係る電離放射線障害防止規則,ひがしにほんだいしんさいによりしょうじたほうしゃせいぶっしつによりおせんされたどじょうとうをじょせんするためのぎょうむとうにかかるでんりほうしゃせんしょうがいぼうしきそく,,平成二十三年十二月二十二日,労働安全衛生法及び作業環境測定法の一部を改正する法律の一部の施行に伴う関係省令の整備等に関する省令,令和八年厚生労働省令第二十九号,令和八年三月二十三日,令和九年四月一日,,423M60000100152,https://laws.e-gov.go.jp/law/423M60000100152/20270401_508M60000100029,○
政令,平成二十四年政令第二百三号,労働者派遣事業の適正な運営の確保及び派遣労働者の就業条件の整備等に関する法律等の一部を改正する法律の施行に伴う経過措置を定める政令,ろうどうしゃはけんじぎょうのてきせいなうんえいのかくほおよびはけんろうどうしゃのしゅうぎょうじょうけんのせいびとうにかんするほうりつとうのいちぶをかいせいするほうりつのしこうにともなうけいかそちをさだめるせいれい,,平成二十四年七月二十五日,,,平成二十四年七月二十五日,平成二十四年七月二十五日,,424CO0000000203,https://laws.e-gov.go.jp/law/424CO0000000203/20120725_000000000000000,
府省令,平成二十四年厚生労働省令第百四十八号,労働契約法第十八条第一項の通算契約期間に関する基準を定める省令,ろうどうけいやくほうだいじゅうはちじょうだいいっこうのつうさんけいやくきかんにかんするきじゅんをさだめるしょうれい,,平成二十四年十月二十六日,,,平成二十四年十月二十六日,平成二十五年四月一日,,424M60000100148,https://laws.e-gov.go.jp/law/424M60000100148/20130401_000000000000000,
法律,平成二十六年法律第百三十七号,専門的知識等を有する有期雇用労働者等に関する特別措置法,せんもんてきちしきとうをゆうするゆうきこようろうどうしゃとうにかんするとくべつそちほう,,平成二十六年十一月二十八日,,,平成二十六年十一月二十八日,平成二十七年四月一日,,426AC0000000137,https://laws.e-gov.go.jp/law/426AC0000000137/20150401_000000000000000,
法律,平成二十六年法律第百号,過労死等防止対策推進法,かろうしとうぼうしたいさくすいしんほう,,平成二十六年六月二十七日,,,平成二十六年六月二十七日,平成二十六年十一月一日,,426AC1000000100,https://laws.e-gov.go.jp/law/426AC1000000100/20141101_000000000000000,
政令,平成二十六年政令第三百四十号,過労死等防止対策推進協議会令,かろうしとうぼうしたいさくすいしんきょうぎかいれい,,平成二十六年十月十七日,過労死等防止対策推進協議会令の一部を改正する政令,平成二十九年政令第百八十九号,平成二十九年七月七日,平成二十九年七月十一日,,426CO0000000340,https://laws.e-gov.go.jp/law/426CO0000000340/20170711_429CO0000000189,
法律,平成二十七年法律第六十四号,女性の職業生活における活躍の推進に関する法律,じょせいのしょくぎょうせいかつにおけるかつやくのすいしんにかんするほうりつ,,平成二十七年九月四日,労働施策の総合的な推進並びに労働者の雇用の安定及び職業生活の充実等に関する法律等の一部を改正する法律,令和七年法律第六十三号,令和七年六月十一日,令和八年四月一日,,427AC0000000064,https://laws.e-gov.go.jp/law/427AC0000000064/20260401_507AC0000000063,
法律,平成二十七年法律第六十四号,女性の職業生活における活躍の推進に関する法律,じょせいのしょくぎょうせいかつにおけるかつやくのすいしんにかんするほうりつ,,平成二十七年九月四日,労働施策の総合的な推進並びに労働者の雇用の安定及び職業生活の充実等に関する法律等の一部を改正する法律,令和七年法律第六十三号,令和七年六月十一日,令和八年十月一日,,427AC0000000064,https://laws.e-gov.go.jp/law/427AC0000000064/20261001_507AC0000000063,○
法律,平成二十七年法律第六十九号,労働者の職務に応じた待遇の確保等のための施策の推進に関する法律,ろうどうしゃのしょくむにおうじたたいぐうのかくほとうのためのしさくのすいしんにかんするほうりつ,,平成二十七年九月六日,労働者派遣事業の適正な運営の確保及び派遣労働者の保護等に関する法律等の一部を改正する法律,平成二十七年法律第七十三号,平成二十七年九月十八日,平成二十七年九月三十日,,427AC1000000069,https://laws.e-gov.go.jp/law/427AC1000000069/20150930_427AC0000000073,
政令,平成二十七年政令第四十号,生活困窮者自立支援法施行令,せいかつこんきゅうしゃじりつしえんほうせこうれい,,平成二十七年二月四日,生活困窮者自立支援法等の一部を改正する法律の施行に伴う関係政令の整備に関する政令,令和六年政令第三百七十五号,令和六年十二月十三日,令和七年四月一日,,427CO0000000040,https://laws.e-gov.go.jp/law/427CO0000000040/20250401_506CO0000000375,
政令,平成二十七年政令第三百十八号,女性の職業生活における活躍の推進に関する法律施行令,じょせいのしょくぎょうせいかつにおけるかつやくのすいしんにかんするほうりつしこうれい,,平成二十七年九月四日,国立健康危機管理研究機構法及び国立健康危機管理研究機構法の施行に伴う関係法律の整備に関する法律の施行に伴う関係政令の整備に関する政令,令和七年政令第十九号,令和七年一月二十九日,令和七年四月一日,,427CO0000000318,https://laws.e-gov.go.jp/law/427CO0000000318/20250401_507CO0000000019,
政令,平成二十七年政令第三百四十号,労働者派遣事業の適正な運営の確保及び派遣労働者の保護等に関する法律等の一部を改正する法律の施行に伴う関係政令の整備及び経過措置に関する政令,ろうどうしゃはけんじぎょうのてきせいなうんえいのかくほおよびはけんろうどうしゃのほごとうにかんするほうりつとうのいちぶをかいせいするほうりつのせこうにともなうかんけいせいれいのせいびおよびけいかそちにかんするせいれい,,平成二十七年九月二十九日,海事産業の基盤強化のための海上運送法等の一部を改正する法律の施行に伴う関係政令の整備及び経過措置に関する政令,令和四年政令第六号,令和四年一月四日,令和四年四月一日,,427CO0000000340,https://laws.e-gov.go.jp/law/427CO0000000340/20220401_504CO0000000006,
府省令,平成二十七年内閣府令第五十一号,女性の職業生活における活躍の推進に関する法律施行規則,じょせいのしょくぎょうせいかつにおけるかつやくのすいしんにかんするほうりつしこうきそく,,平成二十七年九月四日,女性の職業生活における活躍の推進に関する法律に基づく特定事業主行動計画の策定等に係る内閣府令及び女性の職業生活における活躍の推進に関する法律施行規則の一部を改正する内閣府令,令和元年内閣府令第五十一号,令和元年十二月二十七日,令和二年六月一日,,427M60000002051,https://laws.e-gov.go.jp/law/427M60000002051/20200601_501M60000002051,
府省令,平成二十七年内閣府令第六十一号,女性の職業生活における活躍の推進に関する法律に基づく特定事業主行動計画の策定等に係る内閣府令,じょせいのしょくぎょうせいかつにおけるかつやくのすいしんにかんするほうりつにもとづくとくていじぎょうぬしこうどうけいかくのさくていとうにかかるないかくふれい,,平成二十七年十一月九日,女性の職業生活における活躍の推進に関する法律に基づく特定事業主行動計画の策定等に係る内閣府令の一部を改正する内閣府令,令和七年内閣府令第百三号,令和七年十二月二十三日,令和八年四月一日,,427M60000002061,https://laws.e-gov.go.jp/law/427M60000002061/20260401_507M60000002103,
府省令,平成二十七年厚生労働省令第三十五号,専門的知識等を有する有期雇用労働者等に関する特別措置法施行規則,せんもんてきちしきとうをゆうするゆうきこようろうどうしゃとうにかんするとくべつそちほうしこうきそく,,平成二十七年三月十八日,,,平成二十七年三月十八日,平成二十七年四月一日,,427M60000100035,https://laws.e-gov.go.jp/law/427M60000100035/20150401_000000000000000,
府省令,平成二十七年厚生労働省令第三十六号,特定有期雇用労働者に係る労働基準法施行規則第五条の特例を定める省令,とくていゆうきこようろうどうしゃにかかるろうどうきじゅんほうしこうきそくだいごじょうのとくれいをさだめるしょうれい,,平成二十七年三月十八日,働き方改革を推進するための関係法律の整備に関する法律の施行に伴う厚生労働省関係省令の整備等に関する省令,平成三十年厚生労働省令第百十二号,平成三十年九月七日,平成三十一年四月一日,,427M60000100036,https://laws.e-gov.go.jp/law/427M60000100036/20190401_430M60000100112,
府省令,平成二十七年厚生労働省令第百四十九号,労働者派遣事業の適正な運営の確保及び派遣労働者の保護等に関する法律等の一部を改正する法律の施行に伴う厚生労働省関係省令の整備等及び経過措置に関する省令,ろうどうしゃはけんじぎょうのてきせいなうんえいのかくほおよびはけんろうどうしゃのほごとうにかんするほうりつとうのいちぶをかいせいするほうりつのしこうにともなうこうせいろうどうしょうかんけいしょうれいのせいびとうおよびけいかそちにかんするしょうれい,,平成二十七年九月二十九日,成年被後見人等の権利の制限に係る措置の適正化等を図るための関係法律の整備に関する法律の施行に伴う厚生労働省関係省令の整備等に関する省令,令和元年厚生労働省令第四十六号,令和元年九月十三日,令和元年九月十四日,,427M60000100149,https://laws.e-gov.go.jp/law/427M60000100149/20190914_501M60000100046,
府省令,平成二十七年厚生労働省令第百五十五号,青少年の雇用の促進等に関する法律施行規則,せいしょうねんのこようのそくしんとうにかんするほうりつしこうきそく,,平成二十七年九月三十日,雇用保険法等の一部を改正する法律の一部の施行に伴う厚生労働省関係省令の整備に関する省令,令和四年厚生労働省令第九十三号,令和四年六月十日,令和四年十月一日,,427M60000100155,https://laws.e-gov.go.jp/law/427M60000100155/20221001_504M60000100093,
府省令,平成二十七年厚生労働省令第百六十二号,女性の職業生活における活躍の推進に関する法律に基づく一般事業主行動計画等に関する省令,じょせいのしょくぎょうせいかつにおけるかつやくのすいしんにかんするほうりつにもとづくいっぱんじぎょうぬしこうどうけいかくとうにかんするしょうれい,,平成二十七年十月二十八日,女性の職業生活における活躍の推進に関する法律に基づく一般事業主行動計画等に関する省令の一部を改正する省令,令和七年厚生労働省令第百二十五号,令和七年十二月二十三日,令和八年四月一日,,427M60000100162,https://laws.e-gov.go.jp/law/427M60000100162/20260401_507M60000100125,
府省令,平成二十七年厚生労働省令第百六十二号,女性の職業生活における活躍の推進に関する法律に基づく一般事業主行動計画等に関する省令,じょせいのしょくぎょうせいかつにおけるかつやくのすいしんにかんするほうりつにもとづくいっぱんじぎょうぬしこうどうけいかくとうにかんするしょうれい,,平成二十七年十月二十八日,労働施策の総合的な推進並びに労働者の雇用の安定及び職業生活の充実等に関する法律等の一部を改正する法律の施行に伴う厚生労働省関係省令の整備に関する省令,令和八年厚生労働省令第十八号,令和八年二月二十六日,令和八年十月一日,,427M60000100162,https://laws.e-gov.go.jp/law/427M60000100162/20261001_508M60000100018,○
法律,平成二十八年法律第百十一号,建設工事従事者の安全及び健康の確保の推進に関する法律,けんせつこうじじゅうじしゃのあんぜんおよびけんこうのかくほのすいしんにかんするほうりつ,,平成二十八年十二月十六日,,,平成二十八年十二月十六日,平成二十九年三月十六日,,428AC0100000111,https://laws.e-gov.go.jp/law/428AC0100000111/20170316_000000000000000,
政令,平成二十八年政令第三百九十九号,雇用保険法等の一部を改正する法律の施行に伴う関係政令の整備等及び経過措置に関する政令,こようほけんほうとうのいちぶをかいせいするほうりつのしこうにともなうかんけいせいれいのせいびおよびけいかそちにかんするせいれい,,平成二十八年十二月二十六日,,,平成二十八年十二月二十六日,平成二十九年一月一日,,428CO0000000399,https://laws.e-gov.go.jp/law/428CO0000000399/20170101_000000000000000,
府省令,平成二十八年厚生労働省令第三十一号,職業能力開発促進法施行規則第四十八条の十七第一項第一号及び第二号に規定する講習の指定に関する省令,しょくぎょうのうりょくかいはつそくしんほうしこうきそくだいよんじゅうはちじょうのじゅうななだいいっこうだいいちごうおよびだいにごうにきていするこうしゅうのしていにかんするしょうれい,,平成二十八年三月十五日,職業能力開発促進法施行規則第四十八条の十七第一項第一号及び第二号に規定する講習の指定に関する省令の一部を改正する省令,令和六年厚生労働省令第四十一号,令和六年三月十三日,令和六年四月一日,,428M60000100031,https://laws.e-gov.go.jp/law/428M60000100031/20240401_506M60000100041,
府省令,平成二十八年国土交通省令第十一号,船員に関する青少年の雇用の促進等に関する法律施行規則,せんいんにかんするせいしょうねんのこようのそくしんとうにかんするほうりつしこうきそく,,平成二十八年二月二十九日,船員法等の一部を改正する法律の施行に伴う国土交通省関係省令の整備等に関する省令,令和八年国土交通省令第十九号,令和八年三月二十七日,令和八年五月十三日,,428M60000800011,https://laws.e-gov.go.jp/law/428M60000800011/20260513_508M60000800019,
府省令,平成二十八年国土交通省令第二十二号,船員に関する障害者の雇用の促進等に関する法律施行規則,せんいんにかんするしょうがいしゃのこようのそくしんとうにかんするほうりつしこうきそく,,平成二十八年三月三十一日,国土交通省の所管する法律の規定に基づく立入検査等の際に携帯する職員の身分を示す証明書の様式の特例に関する省令の一部を改正する省令,令和六年国土交通省令第二十六号,令和六年三月二十九日,令和六年四月一日,,428M60000800022,https://laws.e-gov.go.jp/law/428M60000800022/20240401_506M60000800026,
政令,平成二十九年政令第百二十九号,雇用保険法等の一部を改正する法律の施行に伴う関係政令の整備及び経過措置に関する政令,こようほけんほうとうのいちぶをかいせいするほうりつのしこうにともなうあんけいせいれいのせいびおよびけいかそちにかんするせいれい,,平成二十九年三月三十一日,,,平成二十九年三月三十一日,平成二十九年四月一日,,429CO0000000129,https://laws.e-gov.go.jp/law/429CO0000000129/20170401_000000000000000,
政令,平成三十年政令第二百五十一号,働き方改革を推進するための関係法律の整備に関する法律の一部の施行に伴う経過措置に関する政令,はたらきかたかいかくをすいしんするためのかんけいほうりつのせいびにかんするほうりつのいちぶのせこうにともなうけいかそちにかんするせいれい,,平成三十年八月三十一日,,,平成三十年八月三十一日,令和二年四月一日,,430CO0000000251,https://laws.e-gov.go.jp/law/430CO0000000251/20200401_000000000000000,
政令,平成三十年政令第二百五十三号,働き方改革を推進するための関係法律の整備に関する法律の施行に伴う関係政令の整備及び経過措置に関する政令,はたらきかたかいかくをすいしんするためのかんけいほうりつのせいびにかんするほうりつのしこうにともなうかんけいせいれいのせいびおよびけいかそちにかんするせいれい,,平成三十年九月七日,,,平成三十年九月七日,平成三十一年四月一日,,430CO0000000253,https://laws.e-gov.go.jp/law/430CO0000000253/20190401_000000000000000,
府省令,平成三十年厚生労働省令第百五十三号,働き方改革を推進するための関係法律の整備に関する法律の一部の施行に伴う厚生労働省関係省令の整備及び経過措置に関する省令,はたらきかたかいかくをすいしんするためのかんけいほうりつのせいびにかんするほうりつのいちぶのしこうにともなうこうせいろうどうしょうかんけいしょうれいのせいびおよびけいかそちにかんするしょうれい,,平成三十年十二月二十八日,,,平成三十年十二月二十八日,平成三十年十二月二十八日,,430M60000100153,https://laws.e-gov.go.jp/law/430M60000100153/20181228_000000000000000,
政令,平成三十一年政令第百五十五号,働き方改革を推進するための関係法律の整備に関する法律の一部の施行に伴う関係政令の整備及び経過措置に関する政令,はたらきかたかいかくをすいしんするためのかんけいほうりつのせいびにかんするほうりつのいちぶのしこうにともなうかんけいせいれいのせいびおよびけいかそちにかんするせいれい,,平成三十一年四月十七日,海事産業の基盤強化のための海上運送法等の一部を改正する法律の施行に伴う関係政令の整備及び経過措置に関する政令,令和四年政令第六号,令和四年一月四日,令和四年四月一日,,431CO0000000155,https://laws.e-gov.go.jp/law/431CO0000000155/20220401_504CO0000000006,
政令,平成三十一年政令第百五十五号,働き方改革を推進するための関係法律の整備に関する法律の一部の施行に伴う関係政令の整備及び経過措置に関する政令,はたらきかたかいかくをすいしんするためのかんけいほうりつのせいびにかんするほうりつのいちぶのしこうにともなうかんけいせいれいのせいびおよびけいかそちにかんするせいれい,,平成三十一年四月十七日,出入国管理及び難民認定法及び外国人の技能実習の適正な実施及び技能実習生の保護に関する法律の一部を改正する法律の施行に伴う関係政令の整備及び経過措置に関する政令,令和七年政令第三百四十一号,令和七年十月一日,令和九年四月一日,,431CO0000000155,https://laws.e-gov.go.jp/law/431CO0000000155/20270401_507CO0000000341,○
法律,令和二年法律第五十四号,新型コロナウイルス感染症等の影響に対応するための雇用保険法の臨時特例等に関する法律,しんがたころなういるすかんせんしょうとうのえいきょうにたいおうするためのこようほけんほうのりんじとくれいとうにかんするほうりつ,,令和二年六月十二日,雇用保険法等の一部を改正する法律,令和六年法律第二十六号,令和六年五月十七日,令和七年十月一日,,502AC0000000054,https://laws.e-gov.go.jp/law/502AC0000000054/20251001_506AC0000000026,
法律,令和二年法律第七十八号,労働者協同組合法,ろうどうしゃきょうどうくみあいほう,,令和二年十二月十一日,障害者の日常生活及び社会生活を総合的に支援するための法律等の一部を改正する法律,令和四年法律第百四号,令和四年十二月十六日,令和七年十月一日,,502AC1000000078,https://laws.e-gov.go.jp/law/502AC1000000078/20251001_504AC0000000104,
法律,令和二年法律第七十八号,労働者協同組合法,ろうどうしゃきょうどうくみあいほう,,令和二年十二月十一日,社会福祉法等の一部を改正する法律,令和八年法律第五十一号,令和八年六月二十五日,令和九年四月一日,,502AC1000000078,https://laws.e-gov.go.jp/law/502AC1000000078/20270401_508AC0000000051,○
政令,令和二年政令第百八十七号,新型コロナウイルス感染症等の影響に対応するための雇用保険法の臨時特例等に関する法律施行令,しんがたころなういるすかんせんしょうとうのえいきょうにたいおうするためのこようほけんほうのりんじとくれいとうにかんするほうりつしこうれい,,令和二年六月十二日,雇用保険法等の一部を改正する法律の施行に伴う関係政令の整備に関する政令,令和四年政令第百七十一号,令和四年三月三十一日,令和四年四月一日,,502CO0000000187,https://laws.e-gov.go.jp/law/502CO0000000187/20220401_504CO0000000171,
府省令,令和二年厚生労働省令第百二十五号,新型コロナウイルス感染症等の影響に対応するための雇用保険法の臨時特例等に関する法律施行規則,しんがたころなういるすかんせんしょうとうのえいきょうにたいおうするためのこようほけんほうのりんじとくれいとうにかんするほうりつしこうきそく,,令和二年六月十二日,雇用保険法施行規則及び新型コロナウイルス感染症等の影響に対応するための雇用保険法の臨時特例等に関する法律施行規則の一部を改正する省令,令和六年厚生労働省令第百四十二号,令和六年十月二十三日,令和七年四月一日,,502M60000100125,https://laws.e-gov.go.jp/law/502M60000100125/20250401_506M60000100142,
府省令,令和二年厚生労働省令第百六十六号,社会復帰促進等事業に要する費用に充てるべき額の特例に関する省令,しゃかいふっきそくしんとうじぎょうにようするひようにあてるべきがくのとくれいにかんするしょうれい,,令和二年九月三十日,,,令和二年九月三十日,令和二年九月三十日,,502M60000100166,https://laws.e-gov.go.jp/law/502M60000100166/20200930_000000000000000,
府省令,令和二年国土交通省令第四十九号,船員に関する労働施策の総合的な推進並びに労働者の雇用の安定及び職業生活の充実等に関する法律施行規則,せんいんにかんするろうどうしさくのそうごうてきなすいしんならびにろうどうしゃのこようのあんていおよびしょくぎょうせいかつのじゅうじつとうにかんするほうりつしこうきそく,,令和二年五月二十五日,,,令和二年五月二十五日,令和二年六月一日,,502M60000800049,https://laws.e-gov.go.jp/law/502M60000800049/20200601_000000000000000,
法律,令和三年法律第八十号,中小事業主が行う事業に従事する者等の労働災害等に係る共済事業に関する法律,ちゅうしょうじぎょうぬしがおこなうじぎょうにじゅうじするものとうのろうどうさいがいとうにかかるきょうさいじぎょうにかんするほうりつ,,令和三年六月十八日,刑法等の一部を改正する法律の施行に伴う関係法律の整理等に関する法律,令和四年法律第六十八号,令和四年六月十七日,令和七年六月一日,,503AC1000000080,https://laws.e-gov.go.jp/law/503AC1000000080/20250601_504AC0000000068,
法律,令和四年法律第七十八号,性をめぐる個人の尊厳が重んぜられる社会の形成に資するために性行為映像制作物への出演に係る被害の防止を図り及び出演者の救済に資するための出演契約等に関する特則等に関する法律,せいをめぐるこじんのそんげんがおもんぜられるしゃかいのけいせいにしするためにせいこういえいぞうせいさくぶつへのしゅつえんにかかるひがいのぼうしをはかりおよびしゅつえんしゃのきゅうさいにしするためのしゅつえんけいやくとうにかんするとくそくとうにかんするほうりつ,,令和四年六月二十二日,刑法等の一部を改正する法律の施行に伴う関係法律の整理等に関する法律　抄,令和四年法律第六十八号,令和四年六月十七日,令和七年六月一日,,504AC1000000078,https://laws.e-gov.go.jp/law/504AC1000000078/20250601_504AC0000000068,
政令,令和四年政令第九号,公益通報者保護法第十九条の規定により消費者庁長官に委任されない権限を定める政令,こうえきつうほうしゃほごほうだいじゅうきゅうじょうのきていによりしょうひしゃちょうちょうかんにいにんされないけんげんをさだめるせいれい,,令和四年一月四日,,,令和四年一月四日,令和四年六月一日,,504CO0000000009,https://laws.e-gov.go.jp/law/504CO0000000009/20220601_000000000000000,
政令,令和四年政令第二百九号,労働者協同組合法施行令,ろうどうしゃきょうどうくみあいほうしこうれい,,令和四年五月二十七日,,,令和四年五月二十七日,令和四年十月一日,,504CO0000000209,https://laws.e-gov.go.jp/law/504CO0000000209/20221001_000000000000000,
府省令,令和四年内閣府令第四十一号,性をめぐる個人の尊厳が重んぜられる社会の形成に資するために性行為映像制作物への出演に係る被害の防止を図り及び出演者の救済に資するための出演契約等に関する特則等に関する法律施行規則,せいをめぐるこじんのそんげんがおもんぜられるしゃかいのけいせいにしするためにせいこういえいぞうせいさくぶつへのしゅつえんにかかるひがいのぼうしをはかりおよびしゅつえんしゃのきゅうさいにしするためのしゅつえんけいやくとうにかんするとくそくとうにかんするほうりつしこうきそく,,令和四年六月二十二日,,,令和四年六月二十二日,令和四年六月二十三日,,504M60000002041,https://laws.e-gov.go.jp/law/504M60000002041/20220623_000000000000000,
府省令,令和四年厚生労働省令第六号,医療法第百二十八条の規定により読み替えて適用する労働基準法第百四十一条第二項の厚生労働省令で定める時間等を定める省令,いりょうほうだいひゃくにじゅうはちじょうのきていによりよみかえててきようするろうどうきじゅんほうだいひゃくよんじゅういちじょうだいにこうのこうせいろうどうしょうれいでさだめるじかんとうをさだめるしょうれい,,令和四年一月十九日,,,令和四年一月十九日,令和六年四月一日,,504M60000100006,https://laws.e-gov.go.jp/law/504M60000100006/20240401_000000000000000,
府省令,令和四年厚生労働省令第八十九号,労働者協同組合法施行規則,ろうどうしゃきょうどうくみあいほうしこうきそく,,令和四年五月二十七日,労働者協同組合法施行規則の一部を改正する省令,令和四年厚生労働省令第百十三号,令和四年八月二十三日,令和四年十月一日,,504M60000100089,https://laws.e-gov.go.jp/law/504M60000100089/20221001_504M60000100113,
法律,令和五年法律第二十五号,特定受託事業者に係る取引の適正化等に関する法律,とくていじゅたくじぎょうしゃにかかるとりひきのてきせいかとうにかんするほうりつ,,令和五年五月十二日,,,令和五年五月十二日,令和六年十一月一日,,505AC0000000025,https://laws.e-gov.go.jp/law/505AC0000000025/20241101_000000000000000,
政令,令和五年政令第百七十七号,中小事業主が行う事業に従事する者等の労働災害等に係る共済事業に関する法律施行令,ちゅうしょうじぎょうぬしがおこなうじぎょうにじゅうじするものとうのろうどうさいがいとうにかかるきょうさいじぎょうにかんするほうりつしこうれい,,令和五年四月二十八日,,,令和五年四月二十八日,令和五年六月一日,,505CO0000000177,https://laws.e-gov.go.jp/law/505CO0000000177/20230601_000000000000000,
政令,令和五年政令第百七十八号,中小事業主が行う事業に従事する者等の労働災害等に係る共済事業に関する法律の施行に伴う関係政令の整備及び経過措置に関する政令,ちゅうしょうじぎょうぬしがおこなうじぎょうにじゅうじするものとうのろうどうさいがいとうにかかるきょうさいじぎょうにかんするほうりつのしこうにともなうかんけいせいれいのせいびおよびけいかそちにかんするせいれい,,令和五年四月二十八日,,,令和五年四月二十八日,令和五年六月一日,,505CO0000000178,https://laws.e-gov.go.jp/law/505CO0000000178/20230601_000000000000000,
府省令,令和五年厚生労働省令第七十二号,中小事業主が行う事業に従事する者等の労働災害等に係る共済事業に関する法律施行規則,ちゅうしょうじぎょうぬしがおこなうじぎょうにじゅうじするものとうのろうどうさいがいとうにかかるきょうさいじぎょうにかんするほうりつしこうきそく,,令和五年四月二十八日,中小事業主が行う事業に従事する者等の労働災害等に係る共済事業に関する法律施行規則の一部を改正する省令,令和八年厚生労働省令第五十九号,令和八年三月三十一日,令和八年三月三十一日,,505M60000100072,https://laws.e-gov.go.jp/law/505M60000100072/20260331_508M60000100059,
政令,令和六年政令第百九十八号,育児休業、介護休業等育児又は家族介護を行う労働者の福祉に関する法律及び次世代育成支援対策推進法の一部を改正する法律の一部の施行に伴う経過措置に関する政令,いくじきゅうぎょう、かいごきゅうぎょうとういくじまたはかぞくかいごをおこなうろうどうしゃのふくしにかんするほうりつおよびじせだいいくせいしえんたいさくすいしんほうのいちぶをかいせいするほうりつのいちぶのしこうにともなうけいかそちにかんするせいれい,,令和六年五月三十一日,,,令和六年五月三十一日,令和六年五月三十一日,,506CO0000000198,https://laws.e-gov.go.jp/law/506CO0000000198/20240531_000000000000000,
政令,令和六年政令第二百号,特定受託事業者に係る取引の適正化等に関する法律施行令,とくていじゅたくじぎょうしゃにかかるとりひきのてきせいかとうにかんするほうりつしこうれい,,令和六年五月三十一日,,,令和六年五月三十一日,令和六年十一月一日,,506CO0000000200,https://laws.e-gov.go.jp/law/506CO0000000200/20241101_000000000000000,
府省令,令和六年厚生労働省令第九十四号,厚生労働省関係特定受託事業者に係る取引の適正化等に関する法律施行規則,こうせいろうどうしょうかんけいとくていじゅたくじぎょうしゃにかかるとりひきのてきせいかとうにかんするほうりつしこうきそく,,令和六年五月三十一日,,,令和六年五月三十一日,令和六年十一月一日,,506M60000100094,https://laws.e-gov.go.jp/law/506M60000100094/20241101_000000000000000,
規則,令和六年公正取引委員会規則第三号,公正取引委員会関係特定受託事業者に係る取引の適正化等に関する法律施行規則,こうせいとりひきいいんかいかんけいとくていじゅたくじぎょうしゃにかかるとりひきのてきせいかとうにかんするほうりつしこうきそく,,令和六年五月三十一日,公正取引委員会の審査に関する規則等の一部を改正する規則,令和八年公正取引委員会規則第二号,令和八年五月一日,令和八年五月二十一日,,506M60200000003,https://laws.e-gov.go.jp/law/506M60200000003/20260521_508M60200000002,
